date,costly meaning_unscaled,costly meaning_monthly,isPartial,scale,costly meaning
2007-05-01,100,100.0,False,1.0,100.0
2007-05-02,0,100.0,,1.0,0.0
2007-05-03,0,100.0,,1.0,0.0
2007-05-04,0,100.0,,1.0,0.0
2007-05-05,0,100.0,,1.0,0.0
2007-05-06,0,100.0,,1.0,0.0
2007-05-07,0,100.0,,1.0,0.0
2007-05-08,0,100.0,,1.0,0.0
2007-05-09,0,100.0,,1.0,0.0
2007-05-10,0,100.0,,1.0,0.0
2007-05-11,0,100.0,,1.0,0.0
2007-05-12,0,100.0,,1.0,0.0
2007-05-13,0,100.0,,1.0,0.0
2007-05-14,0,100.0,,1.0,0.0
2007-05-15,0,100.0,,1.0,0.0
2007-05-16,0,100.0,,1.0,0.0
2007-05-17,0,100.0,,1.0,0.0
2007-05-18,0,100.0,,1.0,0.0
2007-05-19,0,100.0,,1.0,0.0
2007-05-20,0,100.0,,1.0,0.0
2007-05-21,0,100.0,,1.0,0.0
2007-05-22,0,100.0,,1.0,0.0
2007-05-23,0,100.0,,1.0,0.0
2007-05-24,0,100.0,,1.0,0.0
2007-05-25,0,100.0,,1.0,0.0
2007-05-26,0,100.0,,1.0,0.0
2007-05-27,0,100.0,,1.0,0.0
2007-05-28,0,100.0,,1.0,0.0
2007-05-29,0,100.0,,1.0,0.0
2007-05-30,0,100.0,,1.0,0.0
2007-05-31,0,100.0,,1.0,0.0
2008-08-01,0,0.0,False,0.0,0.0
2008-08-02,0,0.0,,0.0,0.0
2008-08-03,0,0.0,,0.0,0.0
2008-08-04,0,0.0,,0.0,0.0
2008-08-05,0,0.0,,0.0,0.0
2008-08-06,0,0.0,,0.0,0.0
2008-08-07,0,0.0,,0.0,0.0
2008-08-08,0,0.0,,0.0,0.0
2008-08-09,0,0.0,,0.0,0.0
2008-08-10,0,0.0,,0.0,0.0
2008-08-11,0,0.0,,0.0,0.0
2008-08-12,0,0.0,,0.0,0.0
2008-08-13,0,0.0,,0.0,0.0
2008-08-14,0,0.0,,0.0,0.0
2008-08-15,0,0.0,,0.0,0.0
2008-08-16,0,0.0,,0.0,0.0
2008-08-17,0,0.0,,0.0,0.0
2008-08-18,0,0.0,,0.0,0.0
2008-08-19,0,0.0,,0.0,0.0
2008-08-20,0,0.0,,0.0,0.0
2008-08-21,0,0.0,,0.0,0.0
2008-08-22,0,0.0,,0.0,0.0
2008-08-23,0,0.0,,0.0,0.0
2008-08-24,0,0.0,,0.0,0.0
2008-08-25,0,0.0,,0.0,0.0
2008-08-26,0,0.0,,0.0,0.0
2008-08-27,0,0.0,,0.0,0.0
2008-08-28,100,0.0,,0.0,0.0
2008-08-29,0,0.0,,0.0,0.0
2008-08-30,0,0.0,,0.0,0.0
2008-08-31,0,0.0,,0.0,0.0
2009-05-01,0,0.0,False,0.0,0.0
2009-05-02,0,0.0,,0.0,0.0
2009-05-03,0,0.0,,0.0,0.0
2009-05-04,0,0.0,,0.0,0.0
2009-05-05,0,0.0,,0.0,0.0
2009-05-06,0,0.0,,0.0,0.0
2009-05-07,0,0.0,,0.0,0.0
2009-05-08,0,0.0,,0.0,0.0
2009-05-09,0,0.0,,0.0,0.0
2009-05-10,0,0.0,,0.0,0.0
2009-05-11,0,0.0,,0.0,0.0
2009-05-12,0,0.0,,0.0,0.0
2009-05-13,0,0.0,,0.0,0.0
2009-05-14,0,0.0,,0.0,0.0
2009-05-15,0,0.0,,0.0,0.0
2009-05-16,0,0.0,,0.0,0.0
2009-05-17,0,0.0,,0.0,0.0
2009-05-18,0,0.0,,0.0,0.0
2009-05-19,0,0.0,,0.0,0.0
2009-05-20,0,0.0,,0.0,0.0
2009-05-21,0,0.0,,0.0,0.0
2009-05-22,0,0.0,,0.0,0.0
2009-05-23,0,0.0,,0.0,0.0
2009-05-24,0,0.0,,0.0,0.0
2009-05-25,100,0.0,,0.0,0.0
2009-05-26,0,0.0,,0.0,0.0
2009-05-27,0,0.0,,0.0,0.0
2009-05-28,0,0.0,,0.0,0.0
2009-05-29,0,0.0,,0.0,0.0
2009-05-30,0,0.0,,0.0,0.0
2009-05-31,0,0.0,,0.0,0.0
2010-01-01,0,57.0,False,0.57,0.0
2010-01-02,0,57.0,,0.57,0.0
2010-01-03,0,57.0,,0.57,0.0
2010-01-04,0,57.0,,0.57,0.0
2010-01-05,0,57.0,,0.57,0.0
2010-01-06,0,57.0,,0.57,0.0
2010-01-07,0,57.0,,0.57,0.0
2010-01-08,0,57.0,,0.57,0.0
2010-01-09,0,57.0,,0.57,0.0
2010-01-10,0,57.0,,0.57,0.0
2010-01-11,0,57.0,,0.57,0.0
2010-01-12,0,57.0,,0.57,0.0
2010-01-13,0,57.0,,0.57,0.0
2010-01-14,0,57.0,,0.57,0.0
2010-01-15,0,57.0,,0.57,0.0
2010-01-16,0,57.0,,0.57,0.0
2010-01-17,0,57.0,,0.57,0.0
2010-01-18,0,57.0,,0.57,0.0
2010-01-19,0,57.0,,0.57,0.0
2010-01-20,0,57.0,,0.57,0.0
2010-01-21,0,57.0,,0.57,0.0
2010-01-22,0,57.0,,0.57,0.0
2010-01-23,0,57.0,,0.57,0.0
2010-01-24,0,57.0,,0.57,0.0
2010-01-25,0,57.0,,0.57,0.0
2010-01-26,100,57.0,,0.57,56.99999999999999
2010-01-27,0,57.0,,0.57,0.0
2010-01-28,0,57.0,,0.57,0.0
2010-01-29,0,57.0,,0.57,0.0
2010-01-30,0,57.0,,0.57,0.0
2010-01-31,0,57.0,,0.57,0.0
2010-09-01,0,48.0,False,0.48,0.0
2010-09-02,0,48.0,,0.48,0.0
2010-09-03,0,48.0,,0.48,0.0
2010-09-04,0,48.0,,0.48,0.0
2010-09-05,0,48.0,,0.48,0.0
2010-09-06,0,48.0,,0.48,0.0
2010-09-07,0,48.0,,0.48,0.0
2010-09-08,100,48.0,,0.48,48.0
2010-09-09,0,48.0,,0.48,0.0
2010-09-10,0,48.0,,0.48,0.0
2010-09-11,0,48.0,,0.48,0.0
2010-09-12,0,48.0,,0.48,0.0
2010-09-13,0,48.0,,0.48,0.0
2010-09-14,0,48.0,,0.48,0.0
2010-09-15,0,48.0,,0.48,0.0
2010-09-16,0,48.0,,0.48,0.0
2010-09-17,0,48.0,,0.48,0.0
2010-09-18,0,48.0,,0.48,0.0
2010-09-19,0,48.0,,0.48,0.0
2010-09-20,0,48.0,,0.48,0.0
2010-09-21,0,48.0,,0.48,0.0
2010-09-22,0,48.0,,0.48,0.0
2010-09-23,0,48.0,,0.48,0.0
2010-09-24,0,48.0,,0.48,0.0
2010-09-25,0,48.0,,0.48,0.0
2010-09-26,0,48.0,,0.48,0.0
2010-09-27,0,48.0,,0.48,0.0
2010-09-28,0,48.0,,0.48,0.0
2010-09-29,0,48.0,,0.48,0.0
2010-09-30,0,48.0,,0.48,0.0
2010-12-01,0,46.0,False,0.46,0.0
2010-12-02,0,46.0,,0.46,0.0
2010-12-03,0,46.0,,0.46,0.0
2010-12-04,0,46.0,,0.46,0.0
2010-12-05,0,46.0,,0.46,0.0
2010-12-06,0,46.0,,0.46,0.0
2010-12-07,0,46.0,,0.46,0.0
2010-12-08,0,46.0,,0.46,0.0
2010-12-09,0,46.0,,0.46,0.0
2010-12-10,0,46.0,,0.46,0.0
2010-12-11,0,46.0,,0.46,0.0
2010-12-12,0,46.0,,0.46,0.0
2010-12-13,0,46.0,,0.46,0.0
2010-12-14,0,46.0,,0.46,0.0
2010-12-15,0,46.0,,0.46,0.0
2010-12-16,0,46.0,,0.46,0.0
2010-12-17,0,46.0,,0.46,0.0
2010-12-18,100,46.0,,0.46,46.0
2010-12-19,0,46.0,,0.46,0.0
2010-12-20,0,46.0,,0.46,0.0
2010-12-21,0,46.0,,0.46,0.0
2010-12-22,0,46.0,,0.46,0.0
2010-12-23,0,46.0,,0.46,0.0
2010-12-24,0,46.0,,0.46,0.0
2010-12-25,0,46.0,,0.46,0.0
2010-12-26,0,46.0,,0.46,0.0
2010-12-27,0,46.0,,0.46,0.0
2010-12-28,0,46.0,,0.46,0.0
2010-12-29,0,46.0,,0.46,0.0
2010-12-30,0,46.0,,0.46,0.0
2010-12-31,0,46.0,,0.46,0.0
2011-02-01,0,39.0,False,0.39,0.0
2011-02-02,0,39.0,,0.39,0.0
2011-02-03,0,39.0,,0.39,0.0
2011-02-04,0,39.0,,0.39,0.0
2011-02-05,0,39.0,,0.39,0.0
2011-02-06,0,39.0,,0.39,0.0
2011-02-07,0,39.0,,0.39,0.0
2011-02-08,0,39.0,,0.39,0.0
2011-02-09,0,39.0,,0.39,0.0
2011-02-10,0,39.0,,0.39,0.0
2011-02-11,0,39.0,,0.39,0.0
2011-02-12,0,39.0,,0.39,0.0
2011-02-13,0,39.0,,0.39,0.0
2011-02-14,0,39.0,,0.39,0.0
2011-02-15,0,39.0,,0.39,0.0
2011-02-16,0,39.0,,0.39,0.0
2011-02-17,0,39.0,,0.39,0.0
2011-02-18,0,39.0,,0.39,0.0
2011-02-19,0,39.0,,0.39,0.0
2011-02-20,0,39.0,,0.39,0.0
2011-02-21,0,39.0,,0.39,0.0
2011-02-22,0,39.0,,0.39,0.0
2011-02-23,0,39.0,,0.39,0.0
2011-02-24,0,39.0,,0.39,0.0
2011-02-25,0,39.0,,0.39,0.0
2011-02-26,0,39.0,,0.39,0.0
2011-02-27,0,39.0,,0.39,0.0
2011-02-28,100,39.0,,0.39,39.0
2011-04-01,0,36.0,False,0.36,0.0
2011-04-02,0,36.0,,0.36,0.0
2011-04-03,0,36.0,,0.36,0.0
2011-04-04,0,36.0,,0.36,0.0
2011-04-05,0,36.0,,0.36,0.0
2011-04-06,0,36.0,,0.36,0.0
2011-04-07,0,36.0,,0.36,0.0
2011-04-08,0,36.0,,0.36,0.0
2011-04-09,0,36.0,,0.36,0.0
2011-04-10,0,36.0,,0.36,0.0
2011-04-11,0,36.0,,0.36,0.0
2011-04-12,0,36.0,,0.36,0.0
2011-04-13,0,36.0,,0.36,0.0
2011-04-14,0,36.0,,0.36,0.0
2011-04-15,0,36.0,,0.36,0.0
2011-04-16,0,36.0,,0.36,0.0
2011-04-17,0,36.0,,0.36,0.0
2011-04-18,0,36.0,,0.36,0.0
2011-04-19,0,36.0,,0.36,0.0
2011-04-20,0,36.0,,0.36,0.0
2011-04-21,0,36.0,,0.36,0.0
2011-04-22,100,36.0,,0.36,36.0
2011-04-23,0,36.0,,0.36,0.0
2011-04-24,0,36.0,,0.36,0.0
2011-04-25,0,36.0,,0.36,0.0
2011-04-26,0,36.0,,0.36,0.0
2011-04-27,0,36.0,,0.36,0.0
2011-04-28,91,36.0,,0.36,32.76
2011-04-29,0,36.0,,0.36,0.0
2011-04-30,0,36.0,,0.36,0.0
2011-11-01,0,64.0,False,0.64,0.0
2011-11-02,0,64.0,,0.64,0.0
2011-11-03,0,64.0,,0.64,0.0
2011-11-04,0,64.0,,0.64,0.0
2011-11-05,0,64.0,,0.64,0.0
2011-11-06,0,64.0,,0.64,0.0
2011-11-07,0,64.0,,0.64,0.0
2011-11-08,0,64.0,,0.64,0.0
2011-11-09,0,64.0,,0.64,0.0
2011-11-10,0,64.0,,0.64,0.0
2011-11-11,0,64.0,,0.64,0.0
2011-11-12,0,64.0,,0.64,0.0
2011-11-13,0,64.0,,0.64,0.0
2011-11-14,0,64.0,,0.64,0.0
2011-11-15,0,64.0,,0.64,0.0
2011-11-16,0,64.0,,0.64,0.0
2011-11-17,100,64.0,,0.64,64.0
2011-11-18,0,64.0,,0.64,0.0
2011-11-19,0,64.0,,0.64,0.0
2011-11-20,0,64.0,,0.64,0.0
2011-11-21,0,64.0,,0.64,0.0
2011-11-22,0,64.0,,0.64,0.0
2011-11-23,0,64.0,,0.64,0.0
2011-11-24,0,64.0,,0.64,0.0
2011-11-25,0,64.0,,0.64,0.0
2011-11-26,0,64.0,,0.64,0.0
2011-11-27,0,64.0,,0.64,0.0
2011-11-28,0,64.0,,0.64,0.0
2011-11-29,0,64.0,,0.64,0.0
2011-11-30,0,64.0,,0.64,0.0
2012-01-01,0,29.0,False,0.29,0.0
2012-01-02,0,29.0,,0.29,0.0
2012-01-03,0,29.0,,0.29,0.0
2012-01-04,0,29.0,,0.29,0.0
2012-01-05,100,29.0,,0.29,28.999999999999996
2012-01-06,0,29.0,,0.29,0.0
2012-01-07,0,29.0,,0.29,0.0
2012-01-08,0,29.0,,0.29,0.0
2012-01-09,0,29.0,,0.29,0.0
2012-01-10,0,29.0,,0.29,0.0
2012-01-11,0,29.0,,0.29,0.0
2012-01-12,0,29.0,,0.29,0.0
2012-01-13,0,29.0,,0.29,0.0
2012-01-14,0,29.0,,0.29,0.0
2012-01-15,0,29.0,,0.29,0.0
2012-01-16,0,29.0,,0.29,0.0
2012-01-17,0,29.0,,0.29,0.0
2012-01-18,0,29.0,,0.29,0.0
2012-01-19,0,29.0,,0.29,0.0
2012-01-20,0,29.0,,0.29,0.0
2012-01-21,0,29.0,,0.29,0.0
2012-01-22,0,29.0,,0.29,0.0
2012-01-23,0,29.0,,0.29,0.0
2012-01-24,0,29.0,,0.29,0.0
2012-01-25,0,29.0,,0.29,0.0
2012-01-26,0,29.0,,0.29,0.0
2012-01-27,0,29.0,,0.29,0.0
2012-01-28,0,29.0,,0.29,0.0
2012-01-29,0,29.0,,0.29,0.0
2012-01-30,0,29.0,,0.29,0.0
2012-01-31,0,29.0,,0.29,0.0
2012-05-01,0,0.0,False,0.0,0.0
2012-05-02,0,0.0,,0.0,0.0
2012-05-03,0,0.0,,0.0,0.0
2012-05-04,0,0.0,,0.0,0.0
2012-05-05,0,0.0,,0.0,0.0
2012-05-06,100,0.0,,0.0,0.0
2012-05-07,0,0.0,,0.0,0.0
2012-05-08,0,0.0,,0.0,0.0
2012-05-09,0,0.0,,0.0,0.0
2012-05-10,0,0.0,,0.0,0.0
2012-05-11,0,0.0,,0.0,0.0
2012-05-12,0,0.0,,0.0,0.0
2012-05-13,0,0.0,,0.0,0.0
2012-05-14,0,0.0,,0.0,0.0
2012-05-15,0,0.0,,0.0,0.0
2012-05-16,0,0.0,,0.0,0.0
2012-05-17,0,0.0,,0.0,0.0
2012-05-18,0,0.0,,0.0,0.0
2012-05-19,0,0.0,,0.0,0.0
2012-05-20,0,0.0,,0.0,0.0
2012-05-21,0,0.0,,0.0,0.0
2012-05-22,0,0.0,,0.0,0.0
2012-05-23,0,0.0,,0.0,0.0
2012-05-24,0,0.0,,0.0,0.0
2012-05-25,0,0.0,,0.0,0.0
2012-05-26,0,0.0,,0.0,0.0
2012-05-27,0,0.0,,0.0,0.0
2012-05-28,0,0.0,,0.0,0.0
2012-05-29,0,0.0,,0.0,0.0
2012-05-30,0,0.0,,0.0,0.0
2012-05-31,0,0.0,,0.0,0.0
2012-06-01,0,29.0,False,0.29,0.0
2012-06-02,0,29.0,,0.29,0.0
2012-06-03,0,29.0,,0.29,0.0
2012-06-04,0,29.0,,0.29,0.0
2012-06-05,0,29.0,,0.29,0.0
2012-06-06,0,29.0,,0.29,0.0
2012-06-07,0,29.0,,0.29,0.0
2012-06-08,0,29.0,,0.29,0.0
2012-06-09,0,29.0,,0.29,0.0
2012-06-10,0,29.0,,0.29,0.0
2012-06-11,0,29.0,,0.29,0.0
2012-06-12,0,29.0,,0.29,0.0
2012-06-13,0,29.0,,0.29,0.0
2012-06-14,0,29.0,,0.29,0.0
2012-06-15,0,29.0,,0.29,0.0
2012-06-16,0,29.0,,0.29,0.0
2012-06-17,0,29.0,,0.29,0.0
2012-06-18,0,29.0,,0.29,0.0
2012-06-19,0,29.0,,0.29,0.0
2012-06-20,0,29.0,,0.29,0.0
2012-06-21,0,29.0,,0.29,0.0
2012-06-22,0,29.0,,0.29,0.0
2012-06-23,0,29.0,,0.29,0.0
2012-06-24,0,29.0,,0.29,0.0
2012-06-25,0,29.0,,0.29,0.0
2012-06-26,95,29.0,,0.29,27.549999999999997
2012-06-27,0,29.0,,0.29,0.0
2012-06-28,0,29.0,,0.29,0.0
2012-06-29,100,29.0,,0.29,28.999999999999996
2012-06-30,0,29.0,,0.29,0.0
2012-07-01,0,0.0,False,0.0,0.0
2012-07-02,0,0.0,,0.0,0.0
2012-07-03,0,0.0,,0.0,0.0
2012-07-04,0,0.0,,0.0,0.0
2012-07-05,0,0.0,,0.0,0.0
2012-07-06,0,0.0,,0.0,0.0
2012-07-07,0,0.0,,0.0,0.0
2012-07-08,0,0.0,,0.0,0.0
2012-07-09,0,0.0,,0.0,0.0
2012-07-10,0,0.0,,0.0,0.0
2012-07-11,0,0.0,,0.0,0.0
2012-07-12,0,0.0,,0.0,0.0
2012-07-13,0,0.0,,0.0,0.0
2012-07-14,0,0.0,,0.0,0.0
2012-07-15,0,0.0,,0.0,0.0
2012-07-16,100,0.0,,0.0,0.0
2012-07-17,0,0.0,,0.0,0.0
2012-07-18,0,0.0,,0.0,0.0
2012-07-19,0,0.0,,0.0,0.0
2012-07-20,0,0.0,,0.0,0.0
2012-07-21,0,0.0,,0.0,0.0
2012-07-22,0,0.0,,0.0,0.0
2012-07-23,0,0.0,,0.0,0.0
2012-07-24,0,0.0,,0.0,0.0
2012-07-25,0,0.0,,0.0,0.0
2012-07-26,0,0.0,,0.0,0.0
2012-07-27,0,0.0,,0.0,0.0
2012-07-28,0,0.0,,0.0,0.0
2012-07-29,0,0.0,,0.0,0.0
2012-07-30,0,0.0,,0.0,0.0
2012-07-31,98,0.0,,0.0,0.0
2012-09-01,0,56.0,False,0.56,0.0
2012-09-02,0,56.0,,0.56,0.0
2012-09-03,0,56.0,,0.56,0.0
2012-09-04,0,56.0,,0.56,0.0
2012-09-05,0,56.0,,0.56,0.0
2012-09-06,0,56.0,,0.56,0.0
2012-09-07,0,56.0,,0.56,0.0
2012-09-08,100,56.0,,0.56,56.00000000000001
2012-09-09,0,56.0,,0.56,0.0
2012-09-10,0,56.0,,0.56,0.0
2012-09-11,0,56.0,,0.56,0.0
2012-09-12,0,56.0,,0.56,0.0
2012-09-13,0,56.0,,0.56,0.0
2012-09-14,0,56.0,,0.56,0.0
2012-09-15,0,56.0,,0.56,0.0
2012-09-16,0,56.0,,0.56,0.0
2012-09-17,0,56.0,,0.56,0.0
2012-09-18,0,56.0,,0.56,0.0
2012-09-19,0,56.0,,0.56,0.0
2012-09-20,0,56.0,,0.56,0.0
2012-09-21,0,56.0,,0.56,0.0
2012-09-22,0,56.0,,0.56,0.0
2012-09-23,0,56.0,,0.56,0.0
2012-09-24,0,56.0,,0.56,0.0
2012-09-25,80,56.0,,0.56,44.800000000000004
2012-09-26,0,56.0,,0.56,0.0
2012-09-27,0,56.0,,0.56,0.0
2012-09-28,0,56.0,,0.56,0.0
2012-09-29,0,56.0,,0.56,0.0
2012-09-30,0,56.0,,0.56,0.0
2012-10-01,0,0.0,False,0.0,0.0
2012-10-02,0,0.0,,0.0,0.0
2012-10-03,0,0.0,,0.0,0.0
2012-10-04,0,0.0,,0.0,0.0
2012-10-05,0,0.0,,0.0,0.0
2012-10-06,0,0.0,,0.0,0.0
2012-10-07,0,0.0,,0.0,0.0
2012-10-08,0,0.0,,0.0,0.0
2012-10-09,100,0.0,,0.0,0.0
2012-10-10,0,0.0,,0.0,0.0
2012-10-11,0,0.0,,0.0,0.0
2012-10-12,0,0.0,,0.0,0.0
2012-10-13,0,0.0,,0.0,0.0
2012-10-14,0,0.0,,0.0,0.0
2012-10-15,0,0.0,,0.0,0.0
2012-10-16,0,0.0,,0.0,0.0
2012-10-17,0,0.0,,0.0,0.0
2012-10-18,0,0.0,,0.0,0.0
2012-10-19,0,0.0,,0.0,0.0
2012-10-20,0,0.0,,0.0,0.0
2012-10-21,0,0.0,,0.0,0.0
2012-10-22,0,0.0,,0.0,0.0
2012-10-23,96,0.0,,0.0,0.0
2012-10-24,0,0.0,,0.0,0.0
2012-10-25,0,0.0,,0.0,0.0
2012-10-26,0,0.0,,0.0,0.0
2012-10-27,0,0.0,,0.0,0.0
2012-10-28,0,0.0,,0.0,0.0
2012-10-29,0,0.0,,0.0,0.0
2012-10-30,0,0.0,,0.0,0.0
2012-10-31,0,0.0,,0.0,0.0
2012-11-01,0,26.0,False,0.26,0.0
2012-11-02,0,26.0,,0.26,0.0
2012-11-03,0,26.0,,0.26,0.0
2012-11-04,0,26.0,,0.26,0.0
2012-11-05,0,26.0,,0.26,0.0
2012-11-06,0,26.0,,0.26,0.0
2012-11-07,0,26.0,,0.26,0.0
2012-11-08,0,26.0,,0.26,0.0
2012-11-09,0,26.0,,0.26,0.0
2012-11-10,0,26.0,,0.26,0.0
2012-11-11,0,26.0,,0.26,0.0
2012-11-12,0,26.0,,0.26,0.0
2012-11-13,0,26.0,,0.26,0.0
2012-11-14,0,26.0,,0.26,0.0
2012-11-15,0,26.0,,0.26,0.0
2012-11-16,0,26.0,,0.26,0.0
2012-11-17,0,26.0,,0.26,0.0
2012-11-18,0,26.0,,0.26,0.0
2012-11-19,0,26.0,,0.26,0.0
2012-11-20,0,26.0,,0.26,0.0
2012-11-21,0,26.0,,0.26,0.0
2012-11-22,0,26.0,,0.26,0.0
2012-11-23,0,26.0,,0.26,0.0
2012-11-24,0,26.0,,0.26,0.0
2012-11-25,0,26.0,,0.26,0.0
2012-11-26,0,26.0,,0.26,0.0
2012-11-27,0,26.0,,0.26,0.0
2012-11-28,0,26.0,,0.26,0.0
2012-11-29,0,26.0,,0.26,0.0
2012-11-30,100,26.0,,0.26,26.0
2013-01-01,0,23.0,False,0.23,0.0
2013-01-02,0,23.0,,0.23,0.0
2013-01-03,0,23.0,,0.23,0.0
2013-01-04,0,23.0,,0.23,0.0
2013-01-05,0,23.0,,0.23,0.0
2013-01-06,0,23.0,,0.23,0.0
2013-01-07,0,23.0,,0.23,0.0
2013-01-08,0,23.0,,0.23,0.0
2013-01-09,0,23.0,,0.23,0.0
2013-01-10,0,23.0,,0.23,0.0
2013-01-11,0,23.0,,0.23,0.0
2013-01-12,0,23.0,,0.23,0.0
2013-01-13,0,23.0,,0.23,0.0
2013-01-14,0,23.0,,0.23,0.0
2013-01-15,0,23.0,,0.23,0.0
2013-01-16,100,23.0,,0.23,23.0
2013-01-17,0,23.0,,0.23,0.0
2013-01-18,0,23.0,,0.23,0.0
2013-01-19,0,23.0,,0.23,0.0
2013-01-20,0,23.0,,0.23,0.0
2013-01-21,0,23.0,,0.23,0.0
2013-01-22,0,23.0,,0.23,0.0
2013-01-23,0,23.0,,0.23,0.0
2013-01-24,0,23.0,,0.23,0.0
2013-01-25,0,23.0,,0.23,0.0
2013-01-26,0,23.0,,0.23,0.0
2013-01-27,0,23.0,,0.23,0.0
2013-01-28,0,23.0,,0.23,0.0
2013-01-29,0,23.0,,0.23,0.0
2013-01-30,0,23.0,,0.23,0.0
2013-01-31,0,23.0,,0.23,0.0
2013-02-01,0,25.0,False,0.25,0.0
2013-02-02,0,25.0,,0.25,0.0
2013-02-03,0,25.0,,0.25,0.0
2013-02-04,0,25.0,,0.25,0.0
2013-02-05,0,25.0,,0.25,0.0
2013-02-06,99,25.0,,0.25,24.75
2013-02-07,0,25.0,,0.25,0.0
2013-02-08,0,25.0,,0.25,0.0
2013-02-09,0,25.0,,0.25,0.0
2013-02-10,0,25.0,,0.25,0.0
2013-02-11,0,25.0,,0.25,0.0
2013-02-12,0,25.0,,0.25,0.0
2013-02-13,100,25.0,,0.25,25.0
2013-02-14,0,25.0,,0.25,0.0
2013-02-15,0,25.0,,0.25,0.0
2013-02-16,0,25.0,,0.25,0.0
2013-02-17,0,25.0,,0.25,0.0
2013-02-18,0,25.0,,0.25,0.0
2013-02-19,0,25.0,,0.25,0.0
2013-02-20,0,25.0,,0.25,0.0
2013-02-21,0,25.0,,0.25,0.0
2013-02-22,0,25.0,,0.25,0.0
2013-02-23,0,25.0,,0.25,0.0
2013-02-24,0,25.0,,0.25,0.0
2013-02-25,0,25.0,,0.25,0.0
2013-02-26,0,25.0,,0.25,0.0
2013-02-27,0,25.0,,0.25,0.0
2013-02-28,0,25.0,,0.25,0.0
2013-03-01,0,35.0,False,0.35,0.0
2013-03-02,0,35.0,,0.35,0.0
2013-03-03,0,35.0,,0.35,0.0
2013-03-04,0,35.0,,0.35,0.0
2013-03-05,100,35.0,,0.35,35.0
2013-03-06,0,35.0,,0.35,0.0
2013-03-07,0,35.0,,0.35,0.0
2013-03-08,0,35.0,,0.35,0.0
2013-03-09,0,35.0,,0.35,0.0
2013-03-10,0,35.0,,0.35,0.0
2013-03-11,0,35.0,,0.35,0.0
2013-03-12,0,35.0,,0.35,0.0
2013-03-13,0,35.0,,0.35,0.0
2013-03-14,0,35.0,,0.35,0.0
2013-03-15,0,35.0,,0.35,0.0
2013-03-16,0,35.0,,0.35,0.0
2013-03-17,0,35.0,,0.35,0.0
2013-03-18,0,35.0,,0.35,0.0
2013-03-19,0,35.0,,0.35,0.0
2013-03-20,0,35.0,,0.35,0.0
2013-03-21,0,35.0,,0.35,0.0
2013-03-22,0,35.0,,0.35,0.0
2013-03-23,0,35.0,,0.35,0.0
2013-03-24,0,35.0,,0.35,0.0
2013-03-25,0,35.0,,0.35,0.0
2013-03-26,0,35.0,,0.35,0.0
2013-03-27,0,35.0,,0.35,0.0
2013-03-28,0,35.0,,0.35,0.0
2013-03-29,0,35.0,,0.35,0.0
2013-03-30,0,35.0,,0.35,0.0
2013-03-31,0,35.0,,0.35,0.0
2013-04-01,0,23.0,False,0.23,0.0
2013-04-02,0,23.0,,0.23,0.0
2013-04-03,0,23.0,,0.23,0.0
2013-04-04,0,23.0,,0.23,0.0
2013-04-05,0,23.0,,0.23,0.0
2013-04-06,0,23.0,,0.23,0.0
2013-04-07,0,23.0,,0.23,0.0
2013-04-08,0,23.0,,0.23,0.0
2013-04-09,0,23.0,,0.23,0.0
2013-04-10,0,23.0,,0.23,0.0
2013-04-11,100,23.0,,0.23,23.0
2013-04-12,0,23.0,,0.23,0.0
2013-04-13,0,23.0,,0.23,0.0
2013-04-14,0,23.0,,0.23,0.0
2013-04-15,0,23.0,,0.23,0.0
2013-04-16,0,23.0,,0.23,0.0
2013-04-17,0,23.0,,0.23,0.0
2013-04-18,0,23.0,,0.23,0.0
2013-04-19,0,23.0,,0.23,0.0
2013-04-20,0,23.0,,0.23,0.0
2013-04-21,0,23.0,,0.23,0.0
2013-04-22,0,23.0,,0.23,0.0
2013-04-23,0,23.0,,0.23,0.0
2013-04-24,0,23.0,,0.23,0.0
2013-04-25,0,23.0,,0.23,0.0
2013-04-26,0,23.0,,0.23,0.0
2013-04-27,0,23.0,,0.23,0.0
2013-04-28,0,23.0,,0.23,0.0
2013-04-29,0,23.0,,0.23,0.0
2013-04-30,0,23.0,,0.23,0.0
2013-05-01,0,24.0,False,0.24,0.0
2013-05-02,0,24.0,,0.24,0.0
2013-05-03,0,24.0,,0.24,0.0
2013-05-04,0,24.0,,0.24,0.0
2013-05-05,0,24.0,,0.24,0.0
2013-05-06,0,24.0,,0.24,0.0
2013-05-07,0,24.0,,0.24,0.0
2013-05-08,0,24.0,,0.24,0.0
2013-05-09,0,24.0,,0.24,0.0
2013-05-10,0,24.0,,0.24,0.0
2013-05-11,0,24.0,,0.24,0.0
2013-05-12,0,24.0,,0.24,0.0
2013-05-13,0,24.0,,0.24,0.0
2013-05-14,0,24.0,,0.24,0.0
2013-05-15,0,24.0,,0.24,0.0
2013-05-16,0,24.0,,0.24,0.0
2013-05-17,0,24.0,,0.24,0.0
2013-05-18,0,24.0,,0.24,0.0
2013-05-19,100,24.0,,0.24,24.0
2013-05-20,0,24.0,,0.24,0.0
2013-05-21,0,24.0,,0.24,0.0
2013-05-22,0,24.0,,0.24,0.0
2013-05-23,0,24.0,,0.24,0.0
2013-05-24,0,24.0,,0.24,0.0
2013-05-25,0,24.0,,0.24,0.0
2013-05-26,0,24.0,,0.24,0.0
2013-05-27,0,24.0,,0.24,0.0
2013-05-28,0,24.0,,0.24,0.0
2013-05-29,80,24.0,,0.24,19.2
2013-05-30,0,24.0,,0.24,0.0
2013-05-31,0,24.0,,0.24,0.0
2013-07-01,0,47.0,False,0.47,0.0
2013-07-02,0,47.0,,0.47,0.0
2013-07-03,0,47.0,,0.47,0.0
2013-07-04,100,47.0,,0.47,47.0
2013-07-05,0,47.0,,0.47,0.0
2013-07-06,0,47.0,,0.47,0.0
2013-07-07,0,47.0,,0.47,0.0
2013-07-08,0,47.0,,0.47,0.0
2013-07-09,0,47.0,,0.47,0.0
2013-07-10,0,47.0,,0.47,0.0
2013-07-11,0,47.0,,0.47,0.0
2013-07-12,0,47.0,,0.47,0.0
2013-07-13,0,47.0,,0.47,0.0
2013-07-14,0,47.0,,0.47,0.0
2013-07-15,0,47.0,,0.47,0.0
2013-07-16,0,47.0,,0.47,0.0
2013-07-17,79,47.0,,0.47,37.129999999999995
2013-07-18,0,47.0,,0.47,0.0
2013-07-19,0,47.0,,0.47,0.0
2013-07-20,0,47.0,,0.47,0.0
2013-07-21,0,47.0,,0.47,0.0
2013-07-22,0,47.0,,0.47,0.0
2013-07-23,0,47.0,,0.47,0.0
2013-07-24,0,47.0,,0.47,0.0
2013-07-25,0,47.0,,0.47,0.0
2013-07-26,0,47.0,,0.47,0.0
2013-07-27,0,47.0,,0.47,0.0
2013-07-28,0,47.0,,0.47,0.0
2013-07-29,0,47.0,,0.47,0.0
2013-07-30,0,47.0,,0.47,0.0
2013-07-31,0,47.0,,0.47,0.0
2013-09-01,0,24.0,False,0.24,0.0
2013-09-02,0,24.0,,0.24,0.0
2013-09-03,0,24.0,,0.24,0.0
2013-09-04,0,24.0,,0.24,0.0
2013-09-05,0,24.0,,0.24,0.0
2013-09-06,0,24.0,,0.24,0.0
2013-09-07,0,24.0,,0.24,0.0
2013-09-08,0,24.0,,0.24,0.0
2013-09-09,0,24.0,,0.24,0.0
2013-09-10,100,24.0,,0.24,24.0
2013-09-11,0,24.0,,0.24,0.0
2013-09-12,0,24.0,,0.24,0.0
2013-09-13,0,24.0,,0.24,0.0
2013-09-14,0,24.0,,0.24,0.0
2013-09-15,0,24.0,,0.24,0.0
2013-09-16,0,24.0,,0.24,0.0
2013-09-17,0,24.0,,0.24,0.0
2013-09-18,0,24.0,,0.24,0.0
2013-09-19,0,24.0,,0.24,0.0
2013-09-20,0,24.0,,0.24,0.0
2013-09-21,0,24.0,,0.24,0.0
2013-09-22,0,24.0,,0.24,0.0
2013-09-23,0,24.0,,0.24,0.0
2013-09-24,0,24.0,,0.24,0.0
2013-09-25,0,24.0,,0.24,0.0
2013-09-26,0,24.0,,0.24,0.0
2013-09-27,0,24.0,,0.24,0.0
2013-09-28,0,24.0,,0.24,0.0
2013-09-29,0,24.0,,0.24,0.0
2013-09-30,0,24.0,,0.24,0.0
2013-10-01,0,45.0,False,0.45,0.0
2013-10-02,0,45.0,,0.45,0.0
2013-10-03,0,45.0,,0.45,0.0
2013-10-04,100,45.0,,0.45,45.0
2013-10-05,0,45.0,,0.45,0.0
2013-10-06,0,45.0,,0.45,0.0
2013-10-07,0,45.0,,0.45,0.0
2013-10-08,0,45.0,,0.45,0.0
2013-10-09,0,45.0,,0.45,0.0
2013-10-10,0,45.0,,0.45,0.0
2013-10-11,0,45.0,,0.45,0.0
2013-10-12,0,45.0,,0.45,0.0
2013-10-13,0,45.0,,0.45,0.0
2013-10-14,0,45.0,,0.45,0.0
2013-10-15,0,45.0,,0.45,0.0
2013-10-16,0,45.0,,0.45,0.0
2013-10-17,0,45.0,,0.45,0.0
2013-10-18,0,45.0,,0.45,0.0
2013-10-19,0,45.0,,0.45,0.0
2013-10-20,0,45.0,,0.45,0.0
2013-10-21,0,45.0,,0.45,0.0
2013-10-22,0,45.0,,0.45,0.0
2013-10-23,0,45.0,,0.45,0.0
2013-10-24,0,45.0,,0.45,0.0
2013-10-25,0,45.0,,0.45,0.0
2013-10-26,0,45.0,,0.45,0.0
2013-10-27,0,45.0,,0.45,0.0
2013-10-28,0,45.0,,0.45,0.0
2013-10-29,0,45.0,,0.45,0.0
2013-10-30,0,45.0,,0.45,0.0
2013-10-31,0,45.0,,0.45,0.0
2013-11-01,0,47.0,False,0.47,0.0
2013-11-02,0,47.0,,0.47,0.0
2013-11-03,0,47.0,,0.47,0.0
2013-11-04,0,47.0,,0.47,0.0
2013-11-05,0,47.0,,0.47,0.0
2013-11-06,0,47.0,,0.47,0.0
2013-11-07,0,47.0,,0.47,0.0
2013-11-08,0,47.0,,0.47,0.0
2013-11-09,0,47.0,,0.47,0.0
2013-11-10,0,47.0,,0.47,0.0
2013-11-11,0,47.0,,0.47,0.0
2013-11-12,0,47.0,,0.47,0.0
2013-11-13,0,47.0,,0.47,0.0
2013-11-14,0,47.0,,0.47,0.0
2013-11-15,0,47.0,,0.47,0.0
2013-11-16,0,47.0,,0.47,0.0
2013-11-17,0,47.0,,0.47,0.0
2013-11-18,0,47.0,,0.47,0.0
2013-11-19,100,47.0,,0.47,47.0
2013-11-20,0,47.0,,0.47,0.0
2013-11-21,0,47.0,,0.47,0.0
2013-11-22,0,47.0,,0.47,0.0
2013-11-23,0,47.0,,0.47,0.0
2013-11-24,0,47.0,,0.47,0.0
2013-11-25,0,47.0,,0.47,0.0
2013-11-26,0,47.0,,0.47,0.0
2013-11-27,0,47.0,,0.47,0.0
2013-11-28,0,47.0,,0.47,0.0
2013-11-29,0,47.0,,0.47,0.0
2013-11-30,0,47.0,,0.47,0.0
2013-12-01,100,34.0,False,0.34,34.0
2013-12-02,0,34.0,,0.34,0.0
2013-12-03,0,34.0,,0.34,0.0
2013-12-04,0,34.0,,0.34,0.0
2013-12-05,0,34.0,,0.34,0.0
2013-12-06,0,34.0,,0.34,0.0
2013-12-07,0,34.0,,0.34,0.0
2013-12-08,0,34.0,,0.34,0.0
2013-12-09,0,34.0,,0.34,0.0
2013-12-10,0,34.0,,0.34,0.0
2013-12-11,0,34.0,,0.34,0.0
2013-12-12,0,34.0,,0.34,0.0
2013-12-13,0,34.0,,0.34,0.0
2013-12-14,0,34.0,,0.34,0.0
2013-12-15,0,34.0,,0.34,0.0
2013-12-16,0,34.0,,0.34,0.0
2013-12-17,0,34.0,,0.34,0.0
2013-12-18,0,34.0,,0.34,0.0
2013-12-19,0,34.0,,0.34,0.0
2013-12-20,0,34.0,,0.34,0.0
2013-12-21,0,34.0,,0.34,0.0
2013-12-22,0,34.0,,0.34,0.0
2013-12-23,0,34.0,,0.34,0.0
2013-12-24,0,34.0,,0.34,0.0
2013-12-25,0,34.0,,0.34,0.0
2013-12-26,0,34.0,,0.34,0.0
2013-12-27,0,34.0,,0.34,0.0
2013-12-28,0,34.0,,0.34,0.0
2013-12-29,0,34.0,,0.34,0.0
2013-12-30,0,34.0,,0.34,0.0
2013-12-31,0,34.0,,0.34,0.0
2014-01-01,0,43.0,False,0.43,0.0
2014-01-02,0,43.0,,0.43,0.0
2014-01-03,0,43.0,,0.43,0.0
2014-01-04,0,43.0,,0.43,0.0
2014-01-05,0,43.0,,0.43,0.0
2014-01-06,100,43.0,,0.43,43.0
2014-01-07,0,43.0,,0.43,0.0
2014-01-08,0,43.0,,0.43,0.0
2014-01-09,0,43.0,,0.43,0.0
2014-01-10,0,43.0,,0.43,0.0
2014-01-11,0,43.0,,0.43,0.0
2014-01-12,0,43.0,,0.43,0.0
2014-01-13,0,43.0,,0.43,0.0
2014-01-14,0,43.0,,0.43,0.0
2014-01-15,0,43.0,,0.43,0.0
2014-01-16,0,43.0,,0.43,0.0
2014-01-17,0,43.0,,0.43,0.0
2014-01-18,0,43.0,,0.43,0.0
2014-01-19,0,43.0,,0.43,0.0
2014-01-20,0,43.0,,0.43,0.0
2014-01-21,0,43.0,,0.43,0.0
2014-01-22,0,43.0,,0.43,0.0
2014-01-23,0,43.0,,0.43,0.0
2014-01-24,0,43.0,,0.43,0.0
2014-01-25,0,43.0,,0.43,0.0
2014-01-26,0,43.0,,0.43,0.0
2014-01-27,96,43.0,,0.43,41.28
2014-01-28,97,43.0,,0.43,41.71
2014-01-29,0,43.0,,0.43,0.0
2014-01-30,0,43.0,,0.43,0.0
2014-01-31,0,43.0,,0.43,0.0
2014-03-01,0,21.0,False,0.21,0.0
2014-03-02,0,21.0,,0.21,0.0
2014-03-03,0,21.0,,0.21,0.0
2014-03-04,80,21.0,,0.21,16.8
2014-03-05,0,21.0,,0.21,0.0
2014-03-06,0,21.0,,0.21,0.0
2014-03-07,0,21.0,,0.21,0.0
2014-03-08,0,21.0,,0.21,0.0
2014-03-09,0,21.0,,0.21,0.0
2014-03-10,0,21.0,,0.21,0.0
2014-03-11,0,21.0,,0.21,0.0
2014-03-12,0,21.0,,0.21,0.0
2014-03-13,0,21.0,,0.21,0.0
2014-03-14,0,21.0,,0.21,0.0
2014-03-15,0,21.0,,0.21,0.0
2014-03-16,0,21.0,,0.21,0.0
2014-03-17,80,21.0,,0.21,16.8
2014-03-18,0,21.0,,0.21,0.0
2014-03-19,0,21.0,,0.21,0.0
2014-03-20,0,21.0,,0.21,0.0
2014-03-21,86,21.0,,0.21,18.06
2014-03-22,0,21.0,,0.21,0.0
2014-03-23,100,21.0,,0.21,21.0
2014-03-24,0,21.0,,0.21,0.0
2014-03-25,0,21.0,,0.21,0.0
2014-03-26,0,21.0,,0.21,0.0
2014-03-27,0,21.0,,0.21,0.0
2014-03-28,0,21.0,,0.21,0.0
2014-03-29,0,21.0,,0.21,0.0
2014-03-30,0,21.0,,0.21,0.0
2014-03-31,0,21.0,,0.21,0.0
2014-04-01,0,22.0,False,0.22,0.0
2014-04-02,0,22.0,,0.22,0.0
2014-04-03,0,22.0,,0.22,0.0
2014-04-04,0,22.0,,0.22,0.0
2014-04-05,0,22.0,,0.22,0.0
2014-04-06,0,22.0,,0.22,0.0
2014-04-07,0,22.0,,0.22,0.0
2014-04-08,0,22.0,,0.22,0.0
2014-04-09,0,22.0,,0.22,0.0
2014-04-10,0,22.0,,0.22,0.0
2014-04-11,0,22.0,,0.22,0.0
2014-04-12,0,22.0,,0.22,0.0
2014-04-13,0,22.0,,0.22,0.0
2014-04-14,0,22.0,,0.22,0.0
2014-04-15,0,22.0,,0.22,0.0
2014-04-16,0,22.0,,0.22,0.0
2014-04-17,0,22.0,,0.22,0.0
2014-04-18,0,22.0,,0.22,0.0
2014-04-19,0,22.0,,0.22,0.0
2014-04-20,0,22.0,,0.22,0.0
2014-04-21,0,22.0,,0.22,0.0
2014-04-22,0,22.0,,0.22,0.0
2014-04-23,0,22.0,,0.22,0.0
2014-04-24,100,22.0,,0.22,22.0
2014-04-25,0,22.0,,0.22,0.0
2014-04-26,0,22.0,,0.22,0.0
2014-04-27,0,22.0,,0.22,0.0
2014-04-28,0,22.0,,0.22,0.0
2014-04-29,0,22.0,,0.22,0.0
2014-04-30,0,22.0,,0.22,0.0
2014-05-01,0,0.0,False,0.0,0.0
2014-05-02,0,0.0,,0.0,0.0
2014-05-03,0,0.0,,0.0,0.0
2014-05-04,0,0.0,,0.0,0.0
2014-05-05,0,0.0,,0.0,0.0
2014-05-06,0,0.0,,0.0,0.0
2014-05-07,0,0.0,,0.0,0.0
2014-05-08,0,0.0,,0.0,0.0
2014-05-09,0,0.0,,0.0,0.0
2014-05-10,0,0.0,,0.0,0.0
2014-05-11,0,0.0,,0.0,0.0
2014-05-12,0,0.0,,0.0,0.0
2014-05-13,0,0.0,,0.0,0.0
2014-05-14,0,0.0,,0.0,0.0
2014-05-15,0,0.0,,0.0,0.0
2014-05-16,0,0.0,,0.0,0.0
2014-05-17,0,0.0,,0.0,0.0
2014-05-18,0,0.0,,0.0,0.0
2014-05-19,0,0.0,,0.0,0.0
2014-05-20,100,0.0,,0.0,0.0
2014-05-21,0,0.0,,0.0,0.0
2014-05-22,0,0.0,,0.0,0.0
2014-05-23,0,0.0,,0.0,0.0
2014-05-24,0,0.0,,0.0,0.0
2014-05-25,0,0.0,,0.0,0.0
2014-05-26,0,0.0,,0.0,0.0
2014-05-27,0,0.0,,0.0,0.0
2014-05-28,0,0.0,,0.0,0.0
2014-05-29,0,0.0,,0.0,0.0
2014-05-30,0,0.0,,0.0,0.0
2014-05-31,0,0.0,,0.0,0.0
2014-07-01,0,52.0,False,0.52,0.0
2014-07-02,0,52.0,,0.52,0.0
2014-07-03,0,52.0,,0.52,0.0
2014-07-04,0,52.0,,0.52,0.0
2014-07-05,0,52.0,,0.52,0.0
2014-07-06,100,52.0,,0.52,52.0
2014-07-07,0,52.0,,0.52,0.0
2014-07-08,0,52.0,,0.52,0.0
2014-07-09,0,52.0,,0.52,0.0
2014-07-10,0,52.0,,0.52,0.0
2014-07-11,0,52.0,,0.52,0.0
2014-07-12,0,52.0,,0.52,0.0
2014-07-13,0,52.0,,0.52,0.0
2014-07-14,75,52.0,,0.52,39.0
2014-07-15,0,52.0,,0.52,0.0
2014-07-16,0,52.0,,0.52,0.0
2014-07-17,0,52.0,,0.52,0.0
2014-07-18,0,52.0,,0.52,0.0
2014-07-19,0,52.0,,0.52,0.0
2014-07-20,0,52.0,,0.52,0.0
2014-07-21,0,52.0,,0.52,0.0
2014-07-22,0,52.0,,0.52,0.0
2014-07-23,76,52.0,,0.52,39.52
2014-07-24,0,52.0,,0.52,0.0
2014-07-25,0,52.0,,0.52,0.0
2014-07-26,0,52.0,,0.52,0.0
2014-07-27,0,52.0,,0.52,0.0
2014-07-28,0,52.0,,0.52,0.0
2014-07-29,0,52.0,,0.52,0.0
2014-07-30,0,52.0,,0.52,0.0
2014-07-31,0,52.0,,0.52,0.0
2014-08-01,0,0.0,False,0.0,0.0
2014-08-02,0,0.0,,0.0,0.0
2014-08-03,0,0.0,,0.0,0.0
2014-08-04,0,0.0,,0.0,0.0
2014-08-05,0,0.0,,0.0,0.0
2014-08-06,0,0.0,,0.0,0.0
2014-08-07,0,0.0,,0.0,0.0
2014-08-08,0,0.0,,0.0,0.0
2014-08-09,0,0.0,,0.0,0.0
2014-08-10,0,0.0,,0.0,0.0
2014-08-11,0,0.0,,0.0,0.0
2014-08-12,0,0.0,,0.0,0.0
2014-08-13,0,0.0,,0.0,0.0
2014-08-14,0,0.0,,0.0,0.0
2014-08-15,0,0.0,,0.0,0.0
2014-08-16,0,0.0,,0.0,0.0
2014-08-17,0,0.0,,0.0,0.0
2014-08-18,0,0.0,,0.0,0.0
2014-08-19,0,0.0,,0.0,0.0
2014-08-20,0,0.0,,0.0,0.0
2014-08-21,0,0.0,,0.0,0.0
2014-08-22,100,0.0,,0.0,0.0
2014-08-23,0,0.0,,0.0,0.0
2014-08-24,0,0.0,,0.0,0.0
2014-08-25,0,0.0,,0.0,0.0
2014-08-26,0,0.0,,0.0,0.0
2014-08-27,0,0.0,,0.0,0.0
2014-08-28,95,0.0,,0.0,0.0
2014-08-29,0,0.0,,0.0,0.0
2014-08-30,0,0.0,,0.0,0.0
2014-08-31,0,0.0,,0.0,0.0
2014-09-01,0,25.0,False,0.25,0.0
2014-09-02,0,25.0,,0.25,0.0
2014-09-03,0,25.0,,0.25,0.0
2014-09-04,0,25.0,,0.25,0.0
2014-09-05,0,25.0,,0.25,0.0
2014-09-06,0,25.0,,0.25,0.0
2014-09-07,0,25.0,,0.25,0.0
2014-09-08,0,25.0,,0.25,0.0
2014-09-09,94,25.0,,0.25,23.5
2014-09-10,0,25.0,,0.25,0.0
2014-09-11,0,25.0,,0.25,0.0
2014-09-12,100,25.0,,0.25,25.0
2014-09-13,0,25.0,,0.25,0.0
2014-09-14,0,25.0,,0.25,0.0
2014-09-15,0,25.0,,0.25,0.0
2014-09-16,0,25.0,,0.25,0.0
2014-09-17,0,25.0,,0.25,0.0
2014-09-18,0,25.0,,0.25,0.0
2014-09-19,0,25.0,,0.25,0.0
2014-09-20,0,25.0,,0.25,0.0
2014-09-21,0,25.0,,0.25,0.0
2014-09-22,0,25.0,,0.25,0.0
2014-09-23,0,25.0,,0.25,0.0
2014-09-24,0,25.0,,0.25,0.0
2014-09-25,0,25.0,,0.25,0.0
2014-09-26,0,25.0,,0.25,0.0
2014-09-27,0,25.0,,0.25,0.0
2014-09-28,0,25.0,,0.25,0.0
2014-09-29,0,25.0,,0.25,0.0
2014-09-30,0,25.0,,0.25,0.0
2014-10-01,0,47.0,False,0.47,0.0
2014-10-02,0,47.0,,0.47,0.0
2014-10-03,0,47.0,,0.47,0.0
2014-10-04,0,47.0,,0.47,0.0
2014-10-05,0,47.0,,0.47,0.0
2014-10-06,0,47.0,,0.47,0.0
2014-10-07,0,47.0,,0.47,0.0
2014-10-08,76,47.0,,0.47,35.72
2014-10-09,0,47.0,,0.47,0.0
2014-10-10,80,47.0,,0.47,37.599999999999994
2014-10-11,0,47.0,,0.47,0.0
2014-10-12,0,47.0,,0.47,0.0
2014-10-13,0,47.0,,0.47,0.0
2014-10-14,0,47.0,,0.47,0.0
2014-10-15,75,47.0,,0.47,35.25
2014-10-16,0,47.0,,0.47,0.0
2014-10-17,0,47.0,,0.47,0.0
2014-10-18,100,47.0,,0.47,47.0
2014-10-19,0,47.0,,0.47,0.0
2014-10-20,0,47.0,,0.47,0.0
2014-10-21,0,47.0,,0.47,0.0
2014-10-22,0,47.0,,0.47,0.0
2014-10-23,0,47.0,,0.47,0.0
2014-10-24,0,47.0,,0.47,0.0
2014-10-25,0,47.0,,0.47,0.0
2014-10-26,0,47.0,,0.47,0.0
2014-10-27,0,47.0,,0.47,0.0
2014-10-28,0,47.0,,0.47,0.0
2014-10-29,0,47.0,,0.47,0.0
2014-10-30,0,47.0,,0.47,0.0
2014-10-31,0,47.0,,0.47,0.0
2014-11-01,0,25.0,False,0.25,0.0
2014-11-02,0,25.0,,0.25,0.0
2014-11-03,0,25.0,,0.25,0.0
2014-11-04,0,25.0,,0.25,0.0
2014-11-05,0,25.0,,0.25,0.0
2014-11-06,0,25.0,,0.25,0.0
2014-11-07,100,25.0,,0.25,25.0
2014-11-08,0,25.0,,0.25,0.0
2014-11-09,0,25.0,,0.25,0.0
2014-11-10,0,25.0,,0.25,0.0
2014-11-11,0,25.0,,0.25,0.0
2014-11-12,0,25.0,,0.25,0.0
2014-11-13,0,25.0,,0.25,0.0
2014-11-14,0,25.0,,0.25,0.0
2014-11-15,0,25.0,,0.25,0.0
2014-11-16,0,25.0,,0.25,0.0
2014-11-17,0,25.0,,0.25,0.0
2014-11-18,0,25.0,,0.25,0.0
2014-11-19,0,25.0,,0.25,0.0
2014-11-20,0,25.0,,0.25,0.0
2014-11-21,0,25.0,,0.25,0.0
2014-11-22,0,25.0,,0.25,0.0
2014-11-23,0,25.0,,0.25,0.0
2014-11-24,0,25.0,,0.25,0.0
2014-11-25,0,25.0,,0.25,0.0
2014-11-26,0,25.0,,0.25,0.0
2014-11-27,0,25.0,,0.25,0.0
2014-11-28,0,25.0,,0.25,0.0
2014-11-29,0,25.0,,0.25,0.0
2014-11-30,0,25.0,,0.25,0.0
2015-01-01,0,47.0,False,0.47,0.0
2015-01-02,0,47.0,,0.47,0.0
2015-01-03,0,47.0,,0.47,0.0
2015-01-04,0,47.0,,0.47,0.0
2015-01-05,0,47.0,,0.47,0.0
2015-01-06,100,47.0,,0.47,47.0
2015-01-07,0,47.0,,0.47,0.0
2015-01-08,0,47.0,,0.47,0.0
2015-01-09,0,47.0,,0.47,0.0
2015-01-10,0,47.0,,0.47,0.0
2015-01-11,0,47.0,,0.47,0.0
2015-01-12,0,47.0,,0.47,0.0
2015-01-13,0,47.0,,0.47,0.0
2015-01-14,0,47.0,,0.47,0.0
2015-01-15,0,47.0,,0.47,0.0
2015-01-16,0,47.0,,0.47,0.0
2015-01-17,0,47.0,,0.47,0.0
2015-01-18,0,47.0,,0.47,0.0
2015-01-19,0,47.0,,0.47,0.0
2015-01-20,0,47.0,,0.47,0.0
2015-01-21,0,47.0,,0.47,0.0
2015-01-22,0,47.0,,0.47,0.0
2015-01-23,0,47.0,,0.47,0.0
2015-01-24,0,47.0,,0.47,0.0
2015-01-25,0,47.0,,0.47,0.0
2015-01-26,0,47.0,,0.47,0.0
2015-01-27,0,47.0,,0.47,0.0
2015-01-28,0,47.0,,0.47,0.0
2015-01-29,0,47.0,,0.47,0.0
2015-01-30,0,47.0,,0.47,0.0
2015-01-31,0,47.0,,0.47,0.0
2015-02-01,0,0.0,False,0.0,0.0
2015-02-02,0,0.0,,0.0,0.0
2015-02-03,0,0.0,,0.0,0.0
2015-02-04,0,0.0,,0.0,0.0
2015-02-05,0,0.0,,0.0,0.0
2015-02-06,0,0.0,,0.0,0.0
2015-02-07,0,0.0,,0.0,0.0
2015-02-08,0,0.0,,0.0,0.0
2015-02-09,0,0.0,,0.0,0.0
2015-02-10,0,0.0,,0.0,0.0
2015-02-11,0,0.0,,0.0,0.0
2015-02-12,97,0.0,,0.0,0.0
2015-02-13,0,0.0,,0.0,0.0
2015-02-14,0,0.0,,0.0,0.0
2015-02-15,0,0.0,,0.0,0.0
2015-02-16,0,0.0,,0.0,0.0
2015-02-17,0,0.0,,0.0,0.0
2015-02-18,0,0.0,,0.0,0.0
2015-02-19,0,0.0,,0.0,0.0
2015-02-20,0,0.0,,0.0,0.0
2015-02-21,0,0.0,,0.0,0.0
2015-02-22,0,0.0,,0.0,0.0
2015-02-23,0,0.0,,0.0,0.0
2015-02-24,0,0.0,,0.0,0.0
2015-02-25,0,0.0,,0.0,0.0
2015-02-26,0,0.0,,0.0,0.0
2015-02-27,100,0.0,,0.0,0.0
2015-02-28,0,0.0,,0.0,0.0
2015-03-01,0,0.0,False,0.0,0.0
2015-03-02,0,0.0,,0.0,0.0
2015-03-03,0,0.0,,0.0,0.0
2015-03-04,0,0.0,,0.0,0.0
2015-03-05,0,0.0,,0.0,0.0
2015-03-06,0,0.0,,0.0,0.0
2015-03-07,0,0.0,,0.0,0.0
2015-03-08,0,0.0,,0.0,0.0
2015-03-09,100,0.0,,0.0,0.0
2015-03-10,0,0.0,,0.0,0.0
2015-03-11,0,0.0,,0.0,0.0
2015-03-12,0,0.0,,0.0,0.0
2015-03-13,0,0.0,,0.0,0.0
2015-03-14,0,0.0,,0.0,0.0
2015-03-15,0,0.0,,0.0,0.0
2015-03-16,0,0.0,,0.0,0.0
2015-03-17,0,0.0,,0.0,0.0
2015-03-18,0,0.0,,0.0,0.0
2015-03-19,0,0.0,,0.0,0.0
2015-03-20,0,0.0,,0.0,0.0
2015-03-21,0,0.0,,0.0,0.0
2015-03-22,0,0.0,,0.0,0.0
2015-03-23,0,0.0,,0.0,0.0
2015-03-24,0,0.0,,0.0,0.0
2015-03-25,0,0.0,,0.0,0.0
2015-03-26,0,0.0,,0.0,0.0
2015-03-27,0,0.0,,0.0,0.0
2015-03-28,0,0.0,,0.0,0.0
2015-03-29,0,0.0,,0.0,0.0
2015-03-30,0,0.0,,0.0,0.0
2015-03-31,0,0.0,,0.0,0.0
2015-04-01,0,24.0,False,0.24,0.0
2015-04-02,0,24.0,,0.24,0.0
2015-04-03,0,24.0,,0.24,0.0
2015-04-04,0,24.0,,0.24,0.0
2015-04-05,0,24.0,,0.24,0.0
2015-04-06,0,24.0,,0.24,0.0
2015-04-07,0,24.0,,0.24,0.0
2015-04-08,0,24.0,,0.24,0.0
2015-04-09,0,24.0,,0.24,0.0
2015-04-10,0,24.0,,0.24,0.0
2015-04-11,0,24.0,,0.24,0.0
2015-04-12,0,24.0,,0.24,0.0
2015-04-13,0,24.0,,0.24,0.0
2015-04-14,0,24.0,,0.24,0.0
2015-04-15,0,24.0,,0.24,0.0
2015-04-16,0,24.0,,0.24,0.0
2015-04-17,0,24.0,,0.24,0.0
2015-04-18,0,24.0,,0.24,0.0
2015-04-19,0,24.0,,0.24,0.0
2015-04-20,0,24.0,,0.24,0.0
2015-04-21,0,24.0,,0.24,0.0
2015-04-22,0,24.0,,0.24,0.0
2015-04-23,0,24.0,,0.24,0.0
2015-04-24,0,24.0,,0.24,0.0
2015-04-25,0,24.0,,0.24,0.0
2015-04-26,100,24.0,,0.24,24.0
2015-04-27,77,24.0,,0.24,18.48
2015-04-28,0,24.0,,0.24,0.0
2015-04-29,0,24.0,,0.24,0.0
2015-04-30,0,24.0,,0.24,0.0
2015-05-01,98,50.0,False,0.5,49.0
2015-05-02,0,50.0,,0.5,0.0
2015-05-03,0,50.0,,0.5,0.0
2015-05-04,94,50.0,,0.5,47.0
2015-05-05,95,50.0,,0.5,47.5
2015-05-06,0,50.0,,0.5,0.0
2015-05-07,0,50.0,,0.5,0.0
2015-05-08,100,50.0,,0.5,50.0
2015-05-09,0,50.0,,0.5,0.0
2015-05-10,0,50.0,,0.5,0.0
2015-05-11,0,50.0,,0.5,0.0
2015-05-12,0,50.0,,0.5,0.0
2015-05-13,96,50.0,,0.5,48.0
2015-05-14,0,50.0,,0.5,0.0
2015-05-15,0,50.0,,0.5,0.0
2015-05-16,0,50.0,,0.5,0.0
2015-05-17,0,50.0,,0.5,0.0
2015-05-18,0,50.0,,0.5,0.0
2015-05-19,0,50.0,,0.5,0.0
2015-05-20,0,50.0,,0.5,0.0
2015-05-21,0,50.0,,0.5,0.0
2015-05-22,0,50.0,,0.5,0.0
2015-05-23,0,50.0,,0.5,0.0
2015-05-24,0,50.0,,0.5,0.0
2015-05-25,0,50.0,,0.5,0.0
2015-05-26,0,50.0,,0.5,0.0
2015-05-27,0,50.0,,0.5,0.0
2015-05-28,0,50.0,,0.5,0.0
2015-05-29,0,50.0,,0.5,0.0
2015-05-30,0,50.0,,0.5,0.0
2015-05-31,0,50.0,,0.5,0.0
2015-06-01,0,39.0,False,0.39,0.0
2015-06-02,0,39.0,,0.39,0.0
2015-06-03,0,39.0,,0.39,0.0
2015-06-04,0,39.0,,0.39,0.0
2015-06-05,0,39.0,,0.39,0.0
2015-06-06,0,39.0,,0.39,0.0
2015-06-07,0,39.0,,0.39,0.0
2015-06-08,0,39.0,,0.39,0.0
2015-06-09,0,39.0,,0.39,0.0
2015-06-10,0,39.0,,0.39,0.0
2015-06-11,0,39.0,,0.39,0.0
2015-06-12,0,39.0,,0.39,0.0
2015-06-13,0,39.0,,0.39,0.0
2015-06-14,0,39.0,,0.39,0.0
2015-06-15,0,39.0,,0.39,0.0
2015-06-16,0,39.0,,0.39,0.0
2015-06-17,0,39.0,,0.39,0.0
2015-06-18,0,39.0,,0.39,0.0
2015-06-19,0,39.0,,0.39,0.0
2015-06-20,0,39.0,,0.39,0.0
2015-06-21,0,39.0,,0.39,0.0
2015-06-22,0,39.0,,0.39,0.0
2015-06-23,0,39.0,,0.39,0.0
2015-06-24,0,39.0,,0.39,0.0
2015-06-25,0,39.0,,0.39,0.0
2015-06-26,0,39.0,,0.39,0.0
2015-06-27,100,39.0,,0.39,39.0
2015-06-28,0,39.0,,0.39,0.0
2015-06-29,0,39.0,,0.39,0.0
2015-06-30,0,39.0,,0.39,0.0
2015-08-01,0,25.0,False,0.25,0.0
2015-08-02,0,25.0,,0.25,0.0
2015-08-03,0,25.0,,0.25,0.0
2015-08-04,0,25.0,,0.25,0.0
2015-08-05,0,25.0,,0.25,0.0
2015-08-06,79,25.0,,0.25,19.75
2015-08-07,0,25.0,,0.25,0.0
2015-08-08,0,25.0,,0.25,0.0
2015-08-09,100,25.0,,0.25,25.0
2015-08-10,0,25.0,,0.25,0.0
2015-08-11,0,25.0,,0.25,0.0
2015-08-12,79,25.0,,0.25,19.75
2015-08-13,0,25.0,,0.25,0.0
2015-08-14,0,25.0,,0.25,0.0
2015-08-15,0,25.0,,0.25,0.0
2015-08-16,0,25.0,,0.25,0.0
2015-08-17,0,25.0,,0.25,0.0
2015-08-18,0,25.0,,0.25,0.0
2015-08-19,0,25.0,,0.25,0.0
2015-08-20,0,25.0,,0.25,0.0
2015-08-21,0,25.0,,0.25,0.0
2015-08-22,0,25.0,,0.25,0.0
2015-08-23,0,25.0,,0.25,0.0
2015-08-24,0,25.0,,0.25,0.0
2015-08-25,0,25.0,,0.25,0.0
2015-08-26,0,25.0,,0.25,0.0
2015-08-27,0,25.0,,0.25,0.0
2015-08-28,0,25.0,,0.25,0.0
2015-08-29,0,25.0,,0.25,0.0
2015-08-30,0,25.0,,0.25,0.0
2015-08-31,0,25.0,,0.25,0.0
2015-09-01,0,49.0,False,0.49,0.0
2015-09-02,0,49.0,,0.49,0.0
2015-09-03,0,49.0,,0.49,0.0
2015-09-04,0,49.0,,0.49,0.0
2015-09-05,0,49.0,,0.49,0.0
2015-09-06,0,49.0,,0.49,0.0
2015-09-07,100,49.0,,0.49,49.0
2015-09-08,0,49.0,,0.49,0.0
2015-09-09,0,49.0,,0.49,0.0
2015-09-10,0,49.0,,0.49,0.0
2015-09-11,0,49.0,,0.49,0.0
2015-09-12,0,49.0,,0.49,0.0
2015-09-13,0,49.0,,0.49,0.0
2015-09-14,79,49.0,,0.49,38.71
2015-09-15,79,49.0,,0.49,38.71
2015-09-16,0,49.0,,0.49,0.0
2015-09-17,0,49.0,,0.49,0.0
2015-09-18,0,49.0,,0.49,0.0
2015-09-19,0,49.0,,0.49,0.0
2015-09-20,0,49.0,,0.49,0.0
2015-09-21,0,49.0,,0.49,0.0
2015-09-22,0,49.0,,0.49,0.0
2015-09-23,0,49.0,,0.49,0.0
2015-09-24,0,49.0,,0.49,0.0
2015-09-25,0,49.0,,0.49,0.0
2015-09-26,0,49.0,,0.49,0.0
2015-09-27,0,49.0,,0.49,0.0
2015-09-28,0,49.0,,0.49,0.0
2015-09-29,0,49.0,,0.49,0.0
2015-09-30,0,49.0,,0.49,0.0
2015-10-01,0,46.0,False,0.46,0.0
2015-10-02,0,46.0,,0.46,0.0
2015-10-03,0,46.0,,0.46,0.0
2015-10-04,0,46.0,,0.46,0.0
2015-10-05,0,46.0,,0.46,0.0
2015-10-06,0,46.0,,0.46,0.0
2015-10-07,0,46.0,,0.46,0.0
2015-10-08,0,46.0,,0.46,0.0
2015-10-09,0,46.0,,0.46,0.0
2015-10-10,0,46.0,,0.46,0.0
2015-10-11,0,46.0,,0.46,0.0
2015-10-12,0,46.0,,0.46,0.0
2015-10-13,0,46.0,,0.46,0.0
2015-10-14,0,46.0,,0.46,0.0
2015-10-15,0,46.0,,0.46,0.0
2015-10-16,0,46.0,,0.46,0.0
2015-10-17,0,46.0,,0.46,0.0
2015-10-18,0,46.0,,0.46,0.0
2015-10-19,0,46.0,,0.46,0.0
2015-10-20,51,46.0,,0.46,23.46
2015-10-21,0,46.0,,0.46,0.0
2015-10-22,0,46.0,,0.46,0.0
2015-10-23,0,46.0,,0.46,0.0
2015-10-24,0,46.0,,0.46,0.0
2015-10-25,0,46.0,,0.46,0.0
2015-10-26,0,46.0,,0.46,0.0
2015-10-27,50,46.0,,0.46,23.0
2015-10-28,100,46.0,,0.46,46.0
2015-10-29,0,46.0,,0.46,0.0
2015-10-30,0,46.0,,0.46,0.0
2015-10-31,0,46.0,,0.46,0.0
2015-11-01,0,0.0,False,0.0,0.0
2015-11-02,0,0.0,,0.0,0.0
2015-11-03,0,0.0,,0.0,0.0
2015-11-04,94,0.0,,0.0,0.0
2015-11-05,0,0.0,,0.0,0.0
2015-11-06,0,0.0,,0.0,0.0
2015-11-07,0,0.0,,0.0,0.0
2015-11-08,0,0.0,,0.0,0.0
2015-11-09,0,0.0,,0.0,0.0
2015-11-10,0,0.0,,0.0,0.0
2015-11-11,0,0.0,,0.0,0.0
2015-11-12,98,0.0,,0.0,0.0
2015-11-13,100,0.0,,0.0,0.0
2015-11-14,0,0.0,,0.0,0.0
2015-11-15,0,0.0,,0.0,0.0
2015-11-16,0,0.0,,0.0,0.0
2015-11-17,0,0.0,,0.0,0.0
2015-11-18,0,0.0,,0.0,0.0
2015-11-19,0,0.0,,0.0,0.0
2015-11-20,0,0.0,,0.0,0.0
2015-11-21,0,0.0,,0.0,0.0
2015-11-22,0,0.0,,0.0,0.0
2015-11-23,0,0.0,,0.0,0.0
2015-11-24,0,0.0,,0.0,0.0
2015-11-25,0,0.0,,0.0,0.0
2015-11-26,0,0.0,,0.0,0.0
2015-11-27,0,0.0,,0.0,0.0
2015-11-28,0,0.0,,0.0,0.0
2015-11-29,0,0.0,,0.0,0.0
2015-11-30,0,0.0,,0.0,0.0
2015-12-01,0,24.0,False,0.24,0.0
2015-12-02,0,24.0,,0.24,0.0
2015-12-03,0,24.0,,0.24,0.0
2015-12-04,0,24.0,,0.24,0.0
2015-12-05,0,24.0,,0.24,0.0
2015-12-06,0,24.0,,0.24,0.0
2015-12-07,0,24.0,,0.24,0.0
2015-12-08,0,24.0,,0.24,0.0
2015-12-09,0,24.0,,0.24,0.0
2015-12-10,0,24.0,,0.24,0.0
2015-12-11,0,24.0,,0.24,0.0
2015-12-12,0,24.0,,0.24,0.0
2015-12-13,0,24.0,,0.24,0.0
2015-12-14,0,24.0,,0.24,0.0
2015-12-15,0,24.0,,0.24,0.0
2015-12-16,0,24.0,,0.24,0.0
2015-12-17,0,24.0,,0.24,0.0
2015-12-18,100,24.0,,0.24,24.0
2015-12-19,0,24.0,,0.24,0.0
2015-12-20,0,24.0,,0.24,0.0
2015-12-21,0,24.0,,0.24,0.0
2015-12-22,0,24.0,,0.24,0.0
2015-12-23,0,24.0,,0.24,0.0
2015-12-24,0,24.0,,0.24,0.0
2015-12-25,0,24.0,,0.24,0.0
2015-12-26,0,24.0,,0.24,0.0
2015-12-27,0,24.0,,0.24,0.0
2015-12-28,0,24.0,,0.24,0.0
2015-12-29,0,24.0,,0.24,0.0
2015-12-30,0,24.0,,0.24,0.0
2015-12-31,0,24.0,,0.24,0.0
2016-01-01,0,38.0,False,0.38,0.0
2016-01-02,0,38.0,,0.38,0.0
2016-01-03,0,38.0,,0.38,0.0
2016-01-04,0,38.0,,0.38,0.0
2016-01-05,93,38.0,,0.38,35.34
2016-01-06,0,38.0,,0.38,0.0
2016-01-07,0,38.0,,0.38,0.0
2016-01-08,0,38.0,,0.38,0.0
2016-01-09,0,38.0,,0.38,0.0
2016-01-10,100,38.0,,0.38,38.0
2016-01-11,89,38.0,,0.38,33.82
2016-01-12,0,38.0,,0.38,0.0
2016-01-13,0,38.0,,0.38,0.0
2016-01-14,0,38.0,,0.38,0.0
2016-01-15,93,38.0,,0.38,35.34
2016-01-16,0,38.0,,0.38,0.0
2016-01-17,0,38.0,,0.38,0.0
2016-01-18,0,38.0,,0.38,0.0
2016-01-19,0,38.0,,0.38,0.0
2016-01-20,0,38.0,,0.38,0.0
2016-01-21,0,38.0,,0.38,0.0
2016-01-22,0,38.0,,0.38,0.0
2016-01-23,0,38.0,,0.38,0.0
2016-01-24,0,38.0,,0.38,0.0
2016-01-25,0,38.0,,0.38,0.0
2016-01-26,0,38.0,,0.38,0.0
2016-01-27,0,38.0,,0.38,0.0
2016-01-28,0,38.0,,0.38,0.0
2016-01-29,0,38.0,,0.38,0.0
2016-01-30,0,38.0,,0.38,0.0
2016-01-31,0,38.0,,0.38,0.0
2016-02-01,0,20.0,False,0.2,0.0
2016-02-02,0,20.0,,0.2,0.0
2016-02-03,0,20.0,,0.2,0.0
2016-02-04,0,20.0,,0.2,0.0
2016-02-05,0,20.0,,0.2,0.0
2016-02-06,0,20.0,,0.2,0.0
2016-02-07,0,20.0,,0.2,0.0
2016-02-08,0,20.0,,0.2,0.0
2016-02-09,0,20.0,,0.2,0.0
2016-02-10,0,20.0,,0.2,0.0
2016-02-11,84,20.0,,0.2,16.8
2016-02-12,0,20.0,,0.2,0.0
2016-02-13,0,20.0,,0.2,0.0
2016-02-14,0,20.0,,0.2,0.0
2016-02-15,0,20.0,,0.2,0.0
2016-02-16,0,20.0,,0.2,0.0
2016-02-17,0,20.0,,0.2,0.0
2016-02-18,0,20.0,,0.2,0.0
2016-02-19,0,20.0,,0.2,0.0
2016-02-20,0,20.0,,0.2,0.0
2016-02-21,0,20.0,,0.2,0.0
2016-02-22,0,20.0,,0.2,0.0
2016-02-23,0,20.0,,0.2,0.0
2016-02-24,0,20.0,,0.2,0.0
2016-02-25,0,20.0,,0.2,0.0
2016-02-26,0,20.0,,0.2,0.0
2016-02-27,0,20.0,,0.2,0.0
2016-02-28,100,20.0,,0.2,20.0
2016-02-29,0,20.0,,0.2,0.0
2016-03-01,0,56.0,False,0.56,0.0
2016-03-02,93,56.0,,0.56,52.080000000000005
2016-03-03,0,56.0,,0.56,0.0
2016-03-04,0,56.0,,0.56,0.0
2016-03-05,0,56.0,,0.56,0.0
2016-03-06,0,56.0,,0.56,0.0
2016-03-07,0,56.0,,0.56,0.0
2016-03-08,0,56.0,,0.56,0.0
2016-03-09,0,56.0,,0.56,0.0
2016-03-10,0,56.0,,0.56,0.0
2016-03-11,0,56.0,,0.56,0.0
2016-03-12,0,56.0,,0.56,0.0
2016-03-13,0,56.0,,0.56,0.0
2016-03-14,0,56.0,,0.56,0.0
2016-03-15,0,56.0,,0.56,0.0
2016-03-16,0,56.0,,0.56,0.0
2016-03-17,97,56.0,,0.56,54.32000000000001
2016-03-18,0,56.0,,0.56,0.0
2016-03-19,0,56.0,,0.56,0.0
2016-03-20,0,56.0,,0.56,0.0
2016-03-21,0,56.0,,0.56,0.0
2016-03-22,0,56.0,,0.56,0.0
2016-03-23,0,56.0,,0.56,0.0
2016-03-24,100,56.0,,0.56,56.00000000000001
2016-03-25,0,56.0,,0.56,0.0
2016-03-26,0,56.0,,0.56,0.0
2016-03-27,0,56.0,,0.56,0.0
2016-03-28,0,56.0,,0.56,0.0
2016-03-29,0,56.0,,0.56,0.0
2016-03-30,0,56.0,,0.56,0.0
2016-03-31,0,56.0,,0.56,0.0
2016-04-01,0,39.0,False,0.39,0.0
2016-04-02,0,39.0,,0.39,0.0
2016-04-03,0,39.0,,0.39,0.0
2016-04-04,0,39.0,,0.39,0.0
2016-04-05,0,39.0,,0.39,0.0
2016-04-06,0,39.0,,0.39,0.0
2016-04-07,0,39.0,,0.39,0.0
2016-04-08,0,39.0,,0.39,0.0
2016-04-09,0,39.0,,0.39,0.0
2016-04-10,0,39.0,,0.39,0.0
2016-04-11,0,39.0,,0.39,0.0
2016-04-12,80,39.0,,0.39,31.200000000000003
2016-04-13,0,39.0,,0.39,0.0
2016-04-14,0,39.0,,0.39,0.0
2016-04-15,0,39.0,,0.39,0.0
2016-04-16,0,39.0,,0.39,0.0
2016-04-17,100,39.0,,0.39,39.0
2016-04-18,0,39.0,,0.39,0.0
2016-04-19,0,39.0,,0.39,0.0
2016-04-20,0,39.0,,0.39,0.0
2016-04-21,0,39.0,,0.39,0.0
2016-04-22,0,39.0,,0.39,0.0
2016-04-23,0,39.0,,0.39,0.0
2016-04-24,0,39.0,,0.39,0.0
2016-04-25,0,39.0,,0.39,0.0
2016-04-26,0,39.0,,0.39,0.0
2016-04-27,0,39.0,,0.39,0.0
2016-04-28,0,39.0,,0.39,0.0
2016-04-29,0,39.0,,0.39,0.0
2016-04-30,0,39.0,,0.39,0.0
2016-06-01,0,40.0,False,0.4,0.0
2016-06-02,0,40.0,,0.4,0.0
2016-06-03,100,40.0,,0.4,40.0
2016-06-04,0,40.0,,0.4,0.0
2016-06-05,0,40.0,,0.4,0.0
2016-06-06,0,40.0,,0.4,0.0
2016-06-07,0,40.0,,0.4,0.0
2016-06-08,0,40.0,,0.4,0.0
2016-06-09,0,40.0,,0.4,0.0
2016-06-10,0,40.0,,0.4,0.0
2016-06-11,0,40.0,,0.4,0.0
2016-06-12,0,40.0,,0.4,0.0
2016-06-13,0,40.0,,0.4,0.0
2016-06-14,0,40.0,,0.4,0.0
2016-06-15,0,40.0,,0.4,0.0
2016-06-16,0,40.0,,0.4,0.0
2016-06-17,0,40.0,,0.4,0.0
2016-06-18,0,40.0,,0.4,0.0
2016-06-19,0,40.0,,0.4,0.0
2016-06-20,0,40.0,,0.4,0.0
2016-06-21,98,40.0,,0.4,39.2
2016-06-22,0,40.0,,0.4,0.0
2016-06-23,100,40.0,,0.4,40.0
2016-06-24,0,40.0,,0.4,0.0
2016-06-25,0,40.0,,0.4,0.0
2016-06-26,0,40.0,,0.4,0.0
2016-06-27,0,40.0,,0.4,0.0
2016-06-28,0,40.0,,0.4,0.0
2016-06-29,0,40.0,,0.4,0.0
2016-06-30,0,40.0,,0.4,0.0
2016-07-01,0,30.0,False,0.3,0.0
2016-07-02,0,30.0,,0.3,0.0
2016-07-03,0,30.0,,0.3,0.0
2016-07-04,0,30.0,,0.3,0.0
2016-07-05,0,30.0,,0.3,0.0
2016-07-06,0,30.0,,0.3,0.0
2016-07-07,0,30.0,,0.3,0.0
2016-07-08,100,30.0,,0.3,30.0
2016-07-09,0,30.0,,0.3,0.0
2016-07-10,0,30.0,,0.3,0.0
2016-07-11,100,30.0,,0.3,30.0
2016-07-12,0,30.0,,0.3,0.0
2016-07-13,0,30.0,,0.3,0.0
2016-07-14,0,30.0,,0.3,0.0
2016-07-15,0,30.0,,0.3,0.0
2016-07-16,0,30.0,,0.3,0.0
2016-07-17,0,30.0,,0.3,0.0
2016-07-18,0,30.0,,0.3,0.0
2016-07-19,0,30.0,,0.3,0.0
2016-07-20,100,30.0,,0.3,30.0
2016-07-21,0,30.0,,0.3,0.0
2016-07-22,0,30.0,,0.3,0.0
2016-07-23,0,30.0,,0.3,0.0
2016-07-24,0,30.0,,0.3,0.0
2016-07-25,0,30.0,,0.3,0.0
2016-07-26,0,30.0,,0.3,0.0
2016-07-27,0,30.0,,0.3,0.0
2016-07-28,0,30.0,,0.3,0.0
2016-07-29,0,30.0,,0.3,0.0
2016-07-30,0,30.0,,0.3,0.0
2016-07-31,0,30.0,,0.3,0.0
2016-08-01,0,20.0,False,0.2,0.0
2016-08-02,0,20.0,,0.2,0.0
2016-08-03,0,20.0,,0.2,0.0
2016-08-04,0,20.0,,0.2,0.0
2016-08-05,0,20.0,,0.2,0.0
2016-08-06,0,20.0,,0.2,0.0
2016-08-07,0,20.0,,0.2,0.0
2016-08-08,88,20.0,,0.2,17.6
2016-08-09,0,20.0,,0.2,0.0
2016-08-10,0,20.0,,0.2,0.0
2016-08-11,92,20.0,,0.2,18.400000000000002
2016-08-12,0,20.0,,0.2,0.0
2016-08-13,0,20.0,,0.2,0.0
2016-08-14,0,20.0,,0.2,0.0
2016-08-15,0,20.0,,0.2,0.0
2016-08-16,0,20.0,,0.2,0.0
2016-08-17,0,20.0,,0.2,0.0
2016-08-18,0,20.0,,0.2,0.0
2016-08-19,0,20.0,,0.2,0.0
2016-08-20,0,20.0,,0.2,0.0
2016-08-21,0,20.0,,0.2,0.0
2016-08-22,0,20.0,,0.2,0.0
2016-08-23,0,20.0,,0.2,0.0
2016-08-24,0,20.0,,0.2,0.0
2016-08-25,0,20.0,,0.2,0.0
2016-08-26,0,20.0,,0.2,0.0
2016-08-27,0,20.0,,0.2,0.0
2016-08-28,100,20.0,,0.2,20.0
2016-08-29,0,20.0,,0.2,0.0
2016-08-30,0,20.0,,0.2,0.0
2016-08-31,0,20.0,,0.2,0.0
2016-09-01,0,49.0,False,0.49,0.0
2016-09-02,0,49.0,,0.49,0.0
2016-09-03,0,49.0,,0.49,0.0
2016-09-04,0,49.0,,0.49,0.0
2016-09-05,0,49.0,,0.49,0.0
2016-09-06,98,49.0,,0.49,48.019999999999996
2016-09-07,0,49.0,,0.49,0.0
2016-09-08,0,49.0,,0.49,0.0
2016-09-09,100,49.0,,0.49,49.0
2016-09-10,0,49.0,,0.49,0.0
2016-09-11,0,49.0,,0.49,0.0
2016-09-12,0,49.0,,0.49,0.0
2016-09-13,97,49.0,,0.49,47.53
2016-09-14,0,49.0,,0.49,0.0
2016-09-15,98,49.0,,0.49,48.019999999999996
2016-09-16,100,49.0,,0.49,49.0
2016-09-17,0,49.0,,0.49,0.0
2016-09-18,0,49.0,,0.49,0.0
2016-09-19,0,49.0,,0.49,0.0
2016-09-20,0,49.0,,0.49,0.0
2016-09-21,0,49.0,,0.49,0.0
2016-09-22,0,49.0,,0.49,0.0
2016-09-23,0,49.0,,0.49,0.0
2016-09-24,0,49.0,,0.49,0.0
2016-09-25,0,49.0,,0.49,0.0
2016-09-26,0,49.0,,0.49,0.0
2016-09-27,0,49.0,,0.49,0.0
2016-09-28,0,49.0,,0.49,0.0
2016-09-29,0,49.0,,0.49,0.0
2016-09-30,0,49.0,,0.49,0.0
2016-11-01,0,19.0,False,0.19,0.0
2016-11-02,0,19.0,,0.19,0.0
2016-11-03,0,19.0,,0.19,0.0
2016-11-04,0,19.0,,0.19,0.0
2016-11-05,0,19.0,,0.19,0.0
2016-11-06,0,19.0,,0.19,0.0
2016-11-07,0,19.0,,0.19,0.0
2016-11-08,0,19.0,,0.19,0.0
2016-11-09,100,19.0,,0.19,19.0
2016-11-10,0,19.0,,0.19,0.0
2016-11-11,0,19.0,,0.19,0.0
2016-11-12,0,19.0,,0.19,0.0
2016-11-13,0,19.0,,0.19,0.0
2016-11-14,0,19.0,,0.19,0.0
2016-11-15,0,19.0,,0.19,0.0
2016-11-16,0,19.0,,0.19,0.0
2016-11-17,64,19.0,,0.19,12.16
2016-11-18,0,19.0,,0.19,0.0
2016-11-19,0,19.0,,0.19,0.0
2016-11-20,0,19.0,,0.19,0.0
2016-11-21,0,19.0,,0.19,0.0
2016-11-22,0,19.0,,0.19,0.0
2016-11-23,0,19.0,,0.19,0.0
2016-11-24,0,19.0,,0.19,0.0
2016-11-25,0,19.0,,0.19,0.0
2016-11-26,0,19.0,,0.19,0.0
2016-11-27,0,19.0,,0.19,0.0
2016-11-28,0,19.0,,0.19,0.0
2016-11-29,0,19.0,,0.19,0.0
2016-11-30,0,19.0,,0.19,0.0
2016-12-01,0,55.0,False,0.55,0.0
2016-12-02,0,55.0,,0.55,0.0
2016-12-03,0,55.0,,0.55,0.0
2016-12-04,0,55.0,,0.55,0.0
2016-12-05,0,55.0,,0.55,0.0
2016-12-06,0,55.0,,0.55,0.0
2016-12-07,0,55.0,,0.55,0.0
2016-12-08,0,55.0,,0.55,0.0
2016-12-09,0,55.0,,0.55,0.0
2016-12-10,0,55.0,,0.55,0.0
2016-12-11,0,55.0,,0.55,0.0
2016-12-12,0,55.0,,0.55,0.0
2016-12-13,0,55.0,,0.55,0.0
2016-12-14,0,55.0,,0.55,0.0
2016-12-15,0,55.0,,0.55,0.0
2016-12-16,0,55.0,,0.55,0.0
2016-12-17,100,55.0,,0.55,55.00000000000001
2016-12-18,100,55.0,,0.55,55.00000000000001
2016-12-19,0,55.0,,0.55,0.0
2016-12-20,0,55.0,,0.55,0.0
2016-12-21,0,55.0,,0.55,0.0
2016-12-22,0,55.0,,0.55,0.0
2016-12-23,0,55.0,,0.55,0.0
2016-12-24,0,55.0,,0.55,0.0
2016-12-25,0,55.0,,0.55,0.0
2016-12-26,0,55.0,,0.55,0.0
2016-12-27,0,55.0,,0.55,0.0
2016-12-28,0,55.0,,0.55,0.0
2016-12-29,0,55.0,,0.55,0.0
2016-12-30,0,55.0,,0.55,0.0
2016-12-31,0,55.0,,0.55,0.0
2017-01-01,0,60.0,False,0.6,0.0
2017-01-02,0,60.0,,0.6,0.0
2017-01-03,0,60.0,,0.6,0.0
2017-01-04,0,60.0,,0.6,0.0
2017-01-05,0,60.0,,0.6,0.0
2017-01-06,0,60.0,,0.6,0.0
2017-01-07,0,60.0,,0.6,0.0
2017-01-08,0,60.0,,0.6,0.0
2017-01-09,0,60.0,,0.6,0.0
2017-01-10,0,60.0,,0.6,0.0
2017-01-11,0,60.0,,0.6,0.0
2017-01-12,0,60.0,,0.6,0.0
2017-01-13,50,60.0,,0.6,30.0
2017-01-14,0,60.0,,0.6,0.0
2017-01-15,0,60.0,,0.6,0.0
2017-01-16,0,60.0,,0.6,0.0
2017-01-17,0,60.0,,0.6,0.0
2017-01-18,50,60.0,,0.6,30.0
2017-01-19,0,60.0,,0.6,0.0
2017-01-20,0,60.0,,0.6,0.0
2017-01-21,58,60.0,,0.6,34.8
2017-01-22,0,60.0,,0.6,0.0
2017-01-23,0,60.0,,0.6,0.0
2017-01-24,0,60.0,,0.6,0.0
2017-01-25,0,60.0,,0.6,0.0
2017-01-26,0,60.0,,0.6,0.0
2017-01-27,100,60.0,,0.6,60.0
2017-01-28,0,60.0,,0.6,0.0
2017-01-29,0,60.0,,0.6,0.0
2017-01-30,0,60.0,,0.6,0.0
2017-01-31,0,60.0,,0.6,0.0
2017-02-01,0,93.0,False,0.93,0.0
2017-02-02,83,93.0,,0.93,77.19
2017-02-03,0,93.0,,0.93,0.0
2017-02-04,0,93.0,,0.93,0.0
2017-02-05,0,93.0,,0.93,0.0
2017-02-06,80,93.0,,0.93,74.4
2017-02-07,0,93.0,,0.93,0.0
2017-02-08,0,93.0,,0.93,0.0
2017-02-09,0,93.0,,0.93,0.0
2017-02-10,0,93.0,,0.93,0.0
2017-02-11,0,93.0,,0.93,0.0
2017-02-12,100,93.0,,0.93,93.0
2017-02-13,79,93.0,,0.93,73.47
2017-02-14,0,93.0,,0.93,0.0
2017-02-15,0,93.0,,0.93,0.0
2017-02-16,0,93.0,,0.93,0.0
2017-02-17,0,93.0,,0.93,0.0
2017-02-18,0,93.0,,0.93,0.0
2017-02-19,0,93.0,,0.93,0.0
2017-02-20,0,93.0,,0.93,0.0
2017-02-21,0,93.0,,0.93,0.0
2017-02-22,82,93.0,,0.93,76.26
2017-02-23,0,93.0,,0.93,0.0
2017-02-24,85,93.0,,0.93,79.05
2017-02-25,0,93.0,,0.93,0.0
2017-02-26,0,93.0,,0.93,0.0
2017-02-27,0,93.0,,0.93,0.0
2017-02-28,0,93.0,,0.93,0.0
2017-03-01,0,33.0,False,0.33,0.0
2017-03-02,0,33.0,,0.33,0.0
2017-03-03,0,33.0,,0.33,0.0
2017-03-04,0,33.0,,0.33,0.0
2017-03-05,0,33.0,,0.33,0.0
2017-03-06,0,33.0,,0.33,0.0
2017-03-07,0,33.0,,0.33,0.0
2017-03-08,0,33.0,,0.33,0.0
2017-03-09,0,33.0,,0.33,0.0
2017-03-10,0,33.0,,0.33,0.0
2017-03-11,0,33.0,,0.33,0.0
2017-03-12,0,33.0,,0.33,0.0
2017-03-13,0,33.0,,0.33,0.0
2017-03-14,97,33.0,,0.33,32.01
2017-03-15,97,33.0,,0.33,32.01
2017-03-16,0,33.0,,0.33,0.0
2017-03-17,0,33.0,,0.33,0.0
2017-03-18,0,33.0,,0.33,0.0
2017-03-19,0,33.0,,0.33,0.0
2017-03-20,0,33.0,,0.33,0.0
2017-03-21,0,33.0,,0.33,0.0
2017-03-22,0,33.0,,0.33,0.0
2017-03-23,0,33.0,,0.33,0.0
2017-03-24,100,33.0,,0.33,33.0
2017-03-25,0,33.0,,0.33,0.0
2017-03-26,0,33.0,,0.33,0.0
2017-03-27,0,33.0,,0.33,0.0
2017-03-28,0,33.0,,0.33,0.0
2017-03-29,0,33.0,,0.33,0.0
2017-03-30,0,33.0,,0.33,0.0
2017-03-31,0,33.0,,0.33,0.0
2017-04-01,0,36.0,False,0.36,0.0
2017-04-02,0,36.0,,0.36,0.0
2017-04-03,0,36.0,,0.36,0.0
2017-04-04,0,36.0,,0.36,0.0
2017-04-05,0,36.0,,0.36,0.0
2017-04-06,0,36.0,,0.36,0.0
2017-04-07,0,36.0,,0.36,0.0
2017-04-08,0,36.0,,0.36,0.0
2017-04-09,0,36.0,,0.36,0.0
2017-04-10,98,36.0,,0.36,35.28
2017-04-11,98,36.0,,0.36,35.28
2017-04-12,0,36.0,,0.36,0.0
2017-04-13,0,36.0,,0.36,0.0
2017-04-14,0,36.0,,0.36,0.0
2017-04-15,0,36.0,,0.36,0.0
2017-04-16,0,36.0,,0.36,0.0
2017-04-17,0,36.0,,0.36,0.0
2017-04-18,0,36.0,,0.36,0.0
2017-04-19,0,36.0,,0.36,0.0
2017-04-20,0,36.0,,0.36,0.0
2017-04-21,100,36.0,,0.36,36.0
2017-04-22,0,36.0,,0.36,0.0
2017-04-23,0,36.0,,0.36,0.0
2017-04-24,0,36.0,,0.36,0.0
2017-04-25,0,36.0,,0.36,0.0
2017-04-26,0,36.0,,0.36,0.0
2017-04-27,0,36.0,,0.36,0.0
2017-04-28,100,36.0,,0.36,36.0
2017-04-29,0,36.0,,0.36,0.0
2017-04-30,0,36.0,,0.36,0.0
2017-05-01,0,36.0,False,0.36,0.0
2017-05-02,0,36.0,,0.36,0.0
2017-05-03,0,36.0,,0.36,0.0
2017-05-04,92,36.0,,0.36,33.12
2017-05-05,0,36.0,,0.36,0.0
2017-05-06,0,36.0,,0.36,0.0
2017-05-07,0,36.0,,0.36,0.0
2017-05-08,0,36.0,,0.36,0.0
2017-05-09,0,36.0,,0.36,0.0
2017-05-10,0,36.0,,0.36,0.0
2017-05-11,0,36.0,,0.36,0.0
2017-05-12,0,36.0,,0.36,0.0
2017-05-13,0,36.0,,0.36,0.0
2017-05-14,0,36.0,,0.36,0.0
2017-05-15,0,36.0,,0.36,0.0
2017-05-16,0,36.0,,0.36,0.0
2017-05-17,0,36.0,,0.36,0.0
2017-05-18,0,36.0,,0.36,0.0
2017-05-19,0,36.0,,0.36,0.0
2017-05-20,0,36.0,,0.36,0.0
2017-05-21,0,36.0,,0.36,0.0
2017-05-22,100,36.0,,0.36,36.0
2017-05-23,0,36.0,,0.36,0.0
2017-05-24,0,36.0,,0.36,0.0
2017-05-25,0,36.0,,0.36,0.0
2017-05-26,0,36.0,,0.36,0.0
2017-05-27,0,36.0,,0.36,0.0
2017-05-28,0,36.0,,0.36,0.0
2017-05-29,0,36.0,,0.36,0.0
2017-05-30,0,36.0,,0.36,0.0
2017-05-31,0,36.0,,0.36,0.0
2017-06-01,0,38.0,False,0.38,0.0
2017-06-02,0,38.0,,0.38,0.0
2017-06-03,0,38.0,,0.38,0.0
2017-06-04,0,38.0,,0.38,0.0
2017-06-05,0,38.0,,0.38,0.0
2017-06-06,0,38.0,,0.38,0.0
2017-06-07,0,38.0,,0.38,0.0
2017-06-08,82,38.0,,0.38,31.16
2017-06-09,0,38.0,,0.38,0.0
2017-06-10,0,38.0,,0.38,0.0
2017-06-11,0,38.0,,0.38,0.0
2017-06-12,0,38.0,,0.38,0.0
2017-06-13,0,38.0,,0.38,0.0
2017-06-14,81,38.0,,0.38,30.78
2017-06-15,0,38.0,,0.38,0.0
2017-06-16,0,38.0,,0.38,0.0
2017-06-17,100,38.0,,0.38,38.0
2017-06-18,0,38.0,,0.38,0.0
2017-06-19,0,38.0,,0.38,0.0
2017-06-20,79,38.0,,0.38,30.02
2017-06-21,0,38.0,,0.38,0.0
2017-06-22,0,38.0,,0.38,0.0
2017-06-23,0,38.0,,0.38,0.0
2017-06-24,0,38.0,,0.38,0.0
2017-06-25,100,38.0,,0.38,38.0
2017-06-26,83,38.0,,0.38,31.54
2017-06-27,0,38.0,,0.38,0.0
2017-06-28,0,38.0,,0.38,0.0
2017-06-29,0,38.0,,0.38,0.0
2017-06-30,0,38.0,,0.38,0.0
2017-07-01,0,57.0,False,0.57,0.0
2017-07-02,0,57.0,,0.57,0.0
2017-07-03,100,57.0,,0.57,56.99999999999999
2017-07-04,0,57.0,,0.57,0.0
2017-07-05,0,57.0,,0.57,0.0
2017-07-06,0,57.0,,0.57,0.0
2017-07-07,0,57.0,,0.57,0.0
2017-07-08,0,57.0,,0.57,0.0
2017-07-09,0,57.0,,0.57,0.0
2017-07-10,0,57.0,,0.57,0.0
2017-07-11,0,57.0,,0.57,0.0
2017-07-12,0,57.0,,0.57,0.0
2017-07-13,0,57.0,,0.57,0.0
2017-07-14,0,57.0,,0.57,0.0
2017-07-15,0,57.0,,0.57,0.0
2017-07-16,0,57.0,,0.57,0.0
2017-07-17,0,57.0,,0.57,0.0
2017-07-18,0,57.0,,0.57,0.0
2017-07-19,0,57.0,,0.57,0.0
2017-07-20,0,57.0,,0.57,0.0
2017-07-21,93,57.0,,0.57,53.01
2017-07-22,0,57.0,,0.57,0.0
2017-07-23,0,57.0,,0.57,0.0
2017-07-24,0,57.0,,0.57,0.0
2017-07-25,0,57.0,,0.57,0.0
2017-07-26,0,57.0,,0.57,0.0
2017-07-27,0,57.0,,0.57,0.0
2017-07-28,92,57.0,,0.57,52.44
2017-07-29,0,57.0,,0.57,0.0
2017-07-30,0,57.0,,0.57,0.0
2017-07-31,0,57.0,,0.57,0.0
2017-08-01,0,54.0,False,0.54,0.0
2017-08-02,0,54.0,,0.54,0.0
2017-08-03,0,54.0,,0.54,0.0
2017-08-04,0,54.0,,0.54,0.0
2017-08-05,0,54.0,,0.54,0.0
2017-08-06,0,54.0,,0.54,0.0
2017-08-07,0,54.0,,0.54,0.0
2017-08-08,0,54.0,,0.54,0.0
2017-08-09,0,54.0,,0.54,0.0
2017-08-10,0,54.0,,0.54,0.0
2017-08-11,0,54.0,,0.54,0.0
2017-08-12,0,54.0,,0.54,0.0
2017-08-13,0,54.0,,0.54,0.0
2017-08-14,0,54.0,,0.54,0.0
2017-08-15,0,54.0,,0.54,0.0
2017-08-16,0,54.0,,0.54,0.0
2017-08-17,0,54.0,,0.54,0.0
2017-08-18,0,54.0,,0.54,0.0
2017-08-19,0,54.0,,0.54,0.0
2017-08-20,0,54.0,,0.54,0.0
2017-08-21,0,54.0,,0.54,0.0
2017-08-22,0,54.0,,0.54,0.0
2017-08-23,0,54.0,,0.54,0.0
2017-08-24,0,54.0,,0.54,0.0
2017-08-25,100,54.0,,0.54,54.0
2017-08-26,0,54.0,,0.54,0.0
2017-08-27,0,54.0,,0.54,0.0
2017-08-28,0,54.0,,0.54,0.0
2017-08-29,0,54.0,,0.54,0.0
2017-08-30,0,54.0,,0.54,0.0
2017-08-31,0,54.0,,0.54,0.0
2017-09-01,53,44.0,False,0.44,23.32
2017-09-02,0,44.0,,0.44,0.0
2017-09-03,0,44.0,,0.44,0.0
2017-09-04,0,44.0,,0.44,0.0
2017-09-05,0,44.0,,0.44,0.0
2017-09-06,48,44.0,,0.44,21.12
2017-09-07,0,44.0,,0.44,0.0
2017-09-08,0,44.0,,0.44,0.0
2017-09-09,0,44.0,,0.44,0.0
2017-09-10,0,44.0,,0.44,0.0
2017-09-11,0,44.0,,0.44,0.0
2017-09-12,0,44.0,,0.44,0.0
2017-09-13,51,44.0,,0.44,22.44
2017-09-14,0,44.0,,0.44,0.0
2017-09-15,0,44.0,,0.44,0.0
2017-09-16,0,44.0,,0.44,0.0
2017-09-17,60,44.0,,0.44,26.4
2017-09-18,50,44.0,,0.44,22.0
2017-09-19,50,44.0,,0.44,22.0
2017-09-20,51,44.0,,0.44,22.44
2017-09-21,0,44.0,,0.44,0.0
2017-09-22,0,44.0,,0.44,0.0
2017-09-23,0,44.0,,0.44,0.0
2017-09-24,0,44.0,,0.44,0.0
2017-09-25,0,44.0,,0.44,0.0
2017-09-26,100,44.0,,0.44,44.0
2017-09-27,0,44.0,,0.44,0.0
2017-09-28,0,44.0,,0.44,0.0
2017-09-29,0,44.0,,0.44,0.0
2017-09-30,0,44.0,,0.44,0.0
2017-10-01,0,51.0,False,0.51,0.0
2017-10-02,0,51.0,,0.51,0.0
2017-10-03,0,51.0,,0.51,0.0
2017-10-04,0,51.0,,0.51,0.0
2017-10-05,86,51.0,,0.51,43.86
2017-10-06,0,51.0,,0.51,0.0
2017-10-07,0,51.0,,0.51,0.0
2017-10-08,0,51.0,,0.51,0.0
2017-10-09,0,51.0,,0.51,0.0
2017-10-10,0,51.0,,0.51,0.0
2017-10-11,0,51.0,,0.51,0.0
2017-10-12,0,51.0,,0.51,0.0
2017-10-13,0,51.0,,0.51,0.0
2017-10-14,0,51.0,,0.51,0.0
2017-10-15,100,51.0,,0.51,51.0
2017-10-16,0,51.0,,0.51,0.0
2017-10-17,0,51.0,,0.51,0.0
2017-10-18,0,51.0,,0.51,0.0
2017-10-19,0,51.0,,0.51,0.0
2017-10-20,0,51.0,,0.51,0.0
2017-10-21,0,51.0,,0.51,0.0
2017-10-22,0,51.0,,0.51,0.0
2017-10-23,0,51.0,,0.51,0.0
2017-10-24,0,51.0,,0.51,0.0
2017-10-25,0,51.0,,0.51,0.0
2017-10-26,0,51.0,,0.51,0.0
2017-10-27,0,51.0,,0.51,0.0
2017-10-28,0,51.0,,0.51,0.0
2017-10-29,0,51.0,,0.51,0.0
2017-10-30,0,51.0,,0.51,0.0
2017-10-31,0,51.0,,0.51,0.0
2017-11-01,0,35.0,False,0.35,0.0
2017-11-02,0,35.0,,0.35,0.0
2017-11-03,86,35.0,,0.35,30.099999999999998
2017-11-04,0,35.0,,0.35,0.0
2017-11-05,0,35.0,,0.35,0.0
2017-11-06,0,35.0,,0.35,0.0
2017-11-07,0,35.0,,0.35,0.0
2017-11-08,0,35.0,,0.35,0.0
2017-11-09,0,35.0,,0.35,0.0
2017-11-10,0,35.0,,0.35,0.0
2017-11-11,0,35.0,,0.35,0.0
2017-11-12,0,35.0,,0.35,0.0
2017-11-13,0,35.0,,0.35,0.0
2017-11-14,0,35.0,,0.35,0.0
2017-11-15,83,35.0,,0.35,29.049999999999997
2017-11-16,0,35.0,,0.35,0.0
2017-11-17,0,35.0,,0.35,0.0
2017-11-18,0,35.0,,0.35,0.0
2017-11-19,100,35.0,,0.35,35.0
2017-11-20,0,35.0,,0.35,0.0
2017-11-21,0,35.0,,0.35,0.0
2017-11-22,0,35.0,,0.35,0.0
2017-11-23,0,35.0,,0.35,0.0
2017-11-24,0,35.0,,0.35,0.0
2017-11-25,0,35.0,,0.35,0.0
2017-11-26,0,35.0,,0.35,0.0
2017-11-27,0,35.0,,0.35,0.0
2017-11-28,0,35.0,,0.35,0.0
2017-11-29,0,35.0,,0.35,0.0
2017-11-30,0,35.0,,0.35,0.0
2017-12-01,0,18.0,False,0.18,0.0
2017-12-02,0,18.0,,0.18,0.0
2017-12-03,0,18.0,,0.18,0.0
2017-12-04,0,18.0,,0.18,0.0
2017-12-05,0,18.0,,0.18,0.0
2017-12-06,0,18.0,,0.18,0.0
2017-12-07,80,18.0,,0.18,14.399999999999999
2017-12-08,0,18.0,,0.18,0.0
2017-12-09,0,18.0,,0.18,0.0
2017-12-10,0,18.0,,0.18,0.0
2017-12-11,0,18.0,,0.18,0.0
2017-12-12,0,18.0,,0.18,0.0
2017-12-13,0,18.0,,0.18,0.0
2017-12-14,0,18.0,,0.18,0.0
2017-12-15,0,18.0,,0.18,0.0
2017-12-16,100,18.0,,0.18,18.0
2017-12-17,0,18.0,,0.18,0.0
2017-12-18,0,18.0,,0.18,0.0
2017-12-19,0,18.0,,0.18,0.0
2017-12-20,0,18.0,,0.18,0.0
2017-12-21,0,18.0,,0.18,0.0
2017-12-22,0,18.0,,0.18,0.0
2017-12-23,0,18.0,,0.18,0.0
2017-12-24,0,18.0,,0.18,0.0
2017-12-25,0,18.0,,0.18,0.0
2017-12-26,0,18.0,,0.18,0.0
2017-12-27,91,18.0,,0.18,16.38
2017-12-28,0,18.0,,0.18,0.0
2017-12-29,0,18.0,,0.18,0.0
2017-12-30,0,18.0,,0.18,0.0
2017-12-31,0,18.0,,0.18,0.0
2018-01-01,0,50.0,False,0.5,0.0
2018-01-02,0,50.0,,0.5,0.0
2018-01-03,0,50.0,,0.5,0.0
2018-01-04,0,50.0,,0.5,0.0
2018-01-05,0,50.0,,0.5,0.0
2018-01-06,0,50.0,,0.5,0.0
2018-01-07,0,50.0,,0.5,0.0
2018-01-08,0,50.0,,0.5,0.0
2018-01-09,85,50.0,,0.5,42.5
2018-01-10,0,50.0,,0.5,0.0
2018-01-11,0,50.0,,0.5,0.0
2018-01-12,0,50.0,,0.5,0.0
2018-01-13,0,50.0,,0.5,0.0
2018-01-14,0,50.0,,0.5,0.0
2018-01-15,0,50.0,,0.5,0.0
2018-01-16,85,50.0,,0.5,42.5
2018-01-17,0,50.0,,0.5,0.0
2018-01-18,0,50.0,,0.5,0.0
2018-01-19,89,50.0,,0.5,44.5
2018-01-20,0,50.0,,0.5,0.0
2018-01-21,100,50.0,,0.5,50.0
2018-01-22,0,50.0,,0.5,0.0
2018-01-23,0,50.0,,0.5,0.0
2018-01-24,0,50.0,,0.5,0.0
2018-01-25,0,50.0,,0.5,0.0
2018-01-26,0,50.0,,0.5,0.0
2018-01-27,0,50.0,,0.5,0.0
2018-01-28,0,50.0,,0.5,0.0
2018-01-29,0,50.0,,0.5,0.0
2018-01-30,0,50.0,,0.5,0.0
2018-01-31,0,50.0,,0.5,0.0
2018-02-01,0,36.0,False,0.36,0.0
2018-02-02,0,36.0,,0.36,0.0
2018-02-03,0,36.0,,0.36,0.0
2018-02-04,0,36.0,,0.36,0.0
2018-02-05,0,36.0,,0.36,0.0
2018-02-06,0,36.0,,0.36,0.0
2018-02-07,0,36.0,,0.36,0.0
2018-02-08,0,36.0,,0.36,0.0
2018-02-09,0,36.0,,0.36,0.0
2018-02-10,0,36.0,,0.36,0.0
2018-02-11,0,36.0,,0.36,0.0
2018-02-12,85,36.0,,0.36,30.599999999999998
2018-02-13,0,36.0,,0.36,0.0
2018-02-14,0,36.0,,0.36,0.0
2018-02-15,0,36.0,,0.36,0.0
2018-02-16,0,36.0,,0.36,0.0
2018-02-17,0,36.0,,0.36,0.0
2018-02-18,0,36.0,,0.36,0.0
2018-02-19,0,36.0,,0.36,0.0
2018-02-20,0,36.0,,0.36,0.0
2018-02-21,0,36.0,,0.36,0.0
2018-02-22,86,36.0,,0.36,30.959999999999997
2018-02-23,0,36.0,,0.36,0.0
2018-02-24,0,36.0,,0.36,0.0
2018-02-25,100,36.0,,0.36,36.0
2018-02-26,84,36.0,,0.36,30.24
2018-02-27,0,36.0,,0.36,0.0
2018-02-28,0,36.0,,0.36,0.0
2018-03-01,0,58.0,False,0.58,0.0
2018-03-02,0,58.0,,0.58,0.0
2018-03-03,0,58.0,,0.58,0.0
2018-03-04,0,58.0,,0.58,0.0
2018-03-05,99,58.0,,0.58,57.419999999999995
2018-03-06,0,58.0,,0.58,0.0
2018-03-07,0,58.0,,0.58,0.0
2018-03-08,0,58.0,,0.58,0.0
2018-03-09,0,58.0,,0.58,0.0
2018-03-10,0,58.0,,0.58,0.0
2018-03-11,0,58.0,,0.58,0.0
2018-03-12,0,58.0,,0.58,0.0
2018-03-13,0,58.0,,0.58,0.0
2018-03-14,0,58.0,,0.58,0.0
2018-03-15,0,58.0,,0.58,0.0
2018-03-16,0,58.0,,0.58,0.0
2018-03-17,0,58.0,,0.58,0.0
2018-03-18,0,58.0,,0.58,0.0
2018-03-19,0,58.0,,0.58,0.0
2018-03-20,0,58.0,,0.58,0.0
2018-03-21,100,58.0,,0.58,57.99999999999999
2018-03-22,0,58.0,,0.58,0.0
2018-03-23,0,58.0,,0.58,0.0
2018-03-24,0,58.0,,0.58,0.0
2018-03-25,0,58.0,,0.58,0.0
2018-03-26,0,58.0,,0.58,0.0
2018-03-27,0,58.0,,0.58,0.0
2018-03-28,0,58.0,,0.58,0.0
2018-03-29,0,58.0,,0.58,0.0
2018-03-30,0,58.0,,0.58,0.0
2018-03-31,0,58.0,,0.58,0.0
2018-04-01,0,34.0,False,0.34,0.0
2018-04-02,0,34.0,,0.34,0.0
2018-04-03,0,34.0,,0.34,0.0
2018-04-04,0,34.0,,0.34,0.0
2018-04-05,0,34.0,,0.34,0.0
2018-04-06,0,34.0,,0.34,0.0
2018-04-07,0,34.0,,0.34,0.0
2018-04-08,0,34.0,,0.34,0.0
2018-04-09,0,34.0,,0.34,0.0
2018-04-10,0,34.0,,0.34,0.0
2018-04-11,0,34.0,,0.34,0.0
2018-04-12,0,34.0,,0.34,0.0
2018-04-13,0,34.0,,0.34,0.0
2018-04-14,0,34.0,,0.34,0.0
2018-04-15,0,34.0,,0.34,0.0
2018-04-16,100,34.0,,0.34,34.0
2018-04-17,0,34.0,,0.34,0.0
2018-04-18,0,34.0,,0.34,0.0
2018-04-19,0,34.0,,0.34,0.0
2018-04-20,0,34.0,,0.34,0.0
2018-04-21,0,34.0,,0.34,0.0
2018-04-22,0,34.0,,0.34,0.0
2018-04-23,0,34.0,,0.34,0.0
2018-04-24,0,34.0,,0.34,0.0
2018-04-25,0,34.0,,0.34,0.0
2018-04-26,0,34.0,,0.34,0.0
2018-04-27,0,34.0,,0.34,0.0
2018-04-28,0,34.0,,0.34,0.0
2018-04-29,0,34.0,,0.34,0.0
2018-04-30,0,34.0,,0.34,0.0
2018-05-01,0,59.0,False,0.59,0.0
2018-05-02,0,59.0,,0.59,0.0
2018-05-03,0,59.0,,0.59,0.0
2018-05-04,0,59.0,,0.59,0.0
2018-05-05,0,59.0,,0.59,0.0
2018-05-06,0,59.0,,0.59,0.0
2018-05-07,0,59.0,,0.59,0.0
2018-05-08,77,59.0,,0.59,45.43
2018-05-09,0,59.0,,0.59,0.0
2018-05-10,0,59.0,,0.59,0.0
2018-05-11,0,59.0,,0.59,0.0
2018-05-12,0,59.0,,0.59,0.0
2018-05-13,0,59.0,,0.59,0.0
2018-05-14,0,59.0,,0.59,0.0
2018-05-15,0,59.0,,0.59,0.0
2018-05-16,79,59.0,,0.59,46.61
2018-05-17,0,59.0,,0.59,0.0
2018-05-18,0,59.0,,0.59,0.0
2018-05-19,0,59.0,,0.59,0.0
2018-05-20,0,59.0,,0.59,0.0
2018-05-21,0,59.0,,0.59,0.0
2018-05-22,0,59.0,,0.59,0.0
2018-05-23,0,59.0,,0.59,0.0
2018-05-24,0,59.0,,0.59,0.0
2018-05-25,0,59.0,,0.59,0.0
2018-05-26,0,59.0,,0.59,0.0
2018-05-27,100,59.0,,0.59,59.0
2018-05-28,0,59.0,,0.59,0.0
2018-05-29,0,59.0,,0.59,0.0
2018-05-30,0,59.0,,0.59,0.0
2018-05-31,0,59.0,,0.59,0.0
2018-06-01,0,36.0,False,0.36,0.0
2018-06-02,0,36.0,,0.36,0.0
2018-06-03,0,36.0,,0.36,0.0
2018-06-04,0,36.0,,0.36,0.0
2018-06-05,0,36.0,,0.36,0.0
2018-06-06,0,36.0,,0.36,0.0
2018-06-07,0,36.0,,0.36,0.0
2018-06-08,98,36.0,,0.36,35.28
2018-06-09,0,36.0,,0.36,0.0
2018-06-10,0,36.0,,0.36,0.0
2018-06-11,0,36.0,,0.36,0.0
2018-06-12,0,36.0,,0.36,0.0
2018-06-13,0,36.0,,0.36,0.0
2018-06-14,0,36.0,,0.36,0.0
2018-06-15,100,36.0,,0.36,36.0
2018-06-16,0,36.0,,0.36,0.0
2018-06-17,0,36.0,,0.36,0.0
2018-06-18,97,36.0,,0.36,34.92
2018-06-19,0,36.0,,0.36,0.0
2018-06-20,0,36.0,,0.36,0.0
2018-06-21,0,36.0,,0.36,0.0
2018-06-22,0,36.0,,0.36,0.0
2018-06-23,0,36.0,,0.36,0.0
2018-06-24,0,36.0,,0.36,0.0
2018-06-25,0,36.0,,0.36,0.0
2018-06-26,0,36.0,,0.36,0.0
2018-06-27,0,36.0,,0.36,0.0
2018-06-28,0,36.0,,0.36,0.0
2018-06-29,0,36.0,,0.36,0.0
2018-06-30,0,36.0,,0.36,0.0
2018-07-01,0,44.0,False,0.44,0.0
2018-07-02,0,44.0,,0.44,0.0
2018-07-03,0,44.0,,0.44,0.0
2018-07-04,0,44.0,,0.44,0.0
2018-07-05,0,44.0,,0.44,0.0
2018-07-06,85,44.0,,0.44,37.4
2018-07-07,0,44.0,,0.44,0.0
2018-07-08,0,44.0,,0.44,0.0
2018-07-09,0,44.0,,0.44,0.0
2018-07-10,82,44.0,,0.44,36.08
2018-07-11,0,44.0,,0.44,0.0
2018-07-12,0,44.0,,0.44,0.0
2018-07-13,0,44.0,,0.44,0.0
2018-07-14,100,44.0,,0.44,44.0
2018-07-15,0,44.0,,0.44,0.0
2018-07-16,0,44.0,,0.44,0.0
2018-07-17,0,44.0,,0.44,0.0
2018-07-18,0,44.0,,0.44,0.0
2018-07-19,0,44.0,,0.44,0.0
2018-07-20,0,44.0,,0.44,0.0
2018-07-21,0,44.0,,0.44,0.0
2018-07-22,0,44.0,,0.44,0.0
2018-07-23,0,44.0,,0.44,0.0
2018-07-24,84,44.0,,0.44,36.96
2018-07-25,0,44.0,,0.44,0.0
2018-07-26,0,44.0,,0.44,0.0
2018-07-27,89,44.0,,0.44,39.160000000000004
2018-07-28,0,44.0,,0.44,0.0
2018-07-29,0,44.0,,0.44,0.0
2018-07-30,0,44.0,,0.44,0.0
2018-07-31,0,44.0,,0.44,0.0
2018-08-01,0,26.0,False,0.26,0.0
2018-08-02,0,26.0,,0.26,0.0
2018-08-03,0,26.0,,0.26,0.0
2018-08-04,0,26.0,,0.26,0.0
2018-08-05,0,26.0,,0.26,0.0
2018-08-06,0,26.0,,0.26,0.0
2018-08-07,0,26.0,,0.26,0.0
2018-08-08,0,26.0,,0.26,0.0
2018-08-09,0,26.0,,0.26,0.0
2018-08-10,0,26.0,,0.26,0.0
2018-08-11,0,26.0,,0.26,0.0
2018-08-12,0,26.0,,0.26,0.0
2018-08-13,0,26.0,,0.26,0.0
2018-08-14,100,26.0,,0.26,26.0
2018-08-15,0,26.0,,0.26,0.0
2018-08-16,0,26.0,,0.26,0.0
2018-08-17,0,26.0,,0.26,0.0
2018-08-18,0,26.0,,0.26,0.0
2018-08-19,0,26.0,,0.26,0.0
2018-08-20,0,26.0,,0.26,0.0
2018-08-21,0,26.0,,0.26,0.0
2018-08-22,0,26.0,,0.26,0.0
2018-08-23,100,26.0,,0.26,26.0
2018-08-24,0,26.0,,0.26,0.0
2018-08-25,0,26.0,,0.26,0.0
2018-08-26,0,26.0,,0.26,0.0
2018-08-27,0,26.0,,0.26,0.0
2018-08-28,0,26.0,,0.26,0.0
2018-08-29,0,26.0,,0.26,0.0
2018-08-30,0,26.0,,0.26,0.0
2018-08-31,0,26.0,,0.26,0.0
2018-09-01,0,61.0,False,0.61,0.0
2018-09-02,0,61.0,,0.61,0.0
2018-09-03,0,61.0,,0.61,0.0
2018-09-04,0,61.0,,0.61,0.0
2018-09-05,0,61.0,,0.61,0.0
2018-09-06,0,61.0,,0.61,0.0
2018-09-07,0,61.0,,0.61,0.0
2018-09-08,0,61.0,,0.61,0.0
2018-09-09,0,61.0,,0.61,0.0
2018-09-10,0,61.0,,0.61,0.0
2018-09-11,0,61.0,,0.61,0.0
2018-09-12,85,61.0,,0.61,51.85
2018-09-13,0,61.0,,0.61,0.0
2018-09-14,0,61.0,,0.61,0.0
2018-09-15,0,61.0,,0.61,0.0
2018-09-16,100,61.0,,0.61,61.0
2018-09-17,86,61.0,,0.61,52.46
2018-09-18,85,61.0,,0.61,51.85
2018-09-19,0,61.0,,0.61,0.0
2018-09-20,0,61.0,,0.61,0.0
2018-09-21,0,61.0,,0.61,0.0
2018-09-22,0,61.0,,0.61,0.0
2018-09-23,0,61.0,,0.61,0.0
2018-09-24,0,61.0,,0.61,0.0
2018-09-25,0,61.0,,0.61,0.0
2018-09-26,0,61.0,,0.61,0.0
2018-09-27,0,61.0,,0.61,0.0
2018-09-28,0,61.0,,0.61,0.0
2018-09-29,0,61.0,,0.61,0.0
2018-09-30,0,61.0,,0.61,0.0
2018-10-01,0,59.0,False,0.59,0.0
2018-10-02,0,59.0,,0.59,0.0
2018-10-03,0,59.0,,0.59,0.0
2018-10-04,99,59.0,,0.59,58.41
2018-10-05,0,59.0,,0.59,0.0
2018-10-06,0,59.0,,0.59,0.0
2018-10-07,0,59.0,,0.59,0.0
2018-10-08,0,59.0,,0.59,0.0
2018-10-09,0,59.0,,0.59,0.0
2018-10-10,0,59.0,,0.59,0.0
2018-10-11,0,59.0,,0.59,0.0
2018-10-12,0,59.0,,0.59,0.0
2018-10-13,0,59.0,,0.59,0.0
2018-10-14,0,59.0,,0.59,0.0
2018-10-15,99,59.0,,0.59,58.41
2018-10-16,0,59.0,,0.59,0.0
2018-10-17,0,59.0,,0.59,0.0
2018-10-18,0,59.0,,0.59,0.0
2018-10-19,0,59.0,,0.59,0.0
2018-10-20,0,59.0,,0.59,0.0
2018-10-21,0,59.0,,0.59,0.0
2018-10-22,0,59.0,,0.59,0.0
2018-10-23,0,59.0,,0.59,0.0
2018-10-24,0,59.0,,0.59,0.0
2018-10-25,100,59.0,,0.59,59.0
2018-10-26,0,59.0,,0.59,0.0
2018-10-27,0,59.0,,0.59,0.0
2018-10-28,0,59.0,,0.59,0.0
2018-10-29,99,59.0,,0.59,58.41
2018-10-30,100,59.0,,0.59,59.0
2018-10-31,0,59.0,,0.59,0.0
2018-11-01,0,43.0,False,0.43,0.0
2018-11-02,52,43.0,,0.43,22.36
2018-11-03,0,43.0,,0.43,0.0
2018-11-04,0,43.0,,0.43,0.0
2018-11-05,0,43.0,,0.43,0.0
2018-11-06,0,43.0,,0.43,0.0
2018-11-07,0,43.0,,0.43,0.0
2018-11-08,100,43.0,,0.43,43.0
2018-11-09,0,43.0,,0.43,0.0
2018-11-10,0,43.0,,0.43,0.0
2018-11-11,0,43.0,,0.43,0.0
2018-11-12,0,43.0,,0.43,0.0
2018-11-13,0,43.0,,0.43,0.0
2018-11-14,0,43.0,,0.43,0.0
2018-11-15,0,43.0,,0.43,0.0
2018-11-16,0,43.0,,0.43,0.0
2018-11-17,0,43.0,,0.43,0.0
2018-11-18,0,43.0,,0.43,0.0
2018-11-19,52,43.0,,0.43,22.36
2018-11-20,0,43.0,,0.43,0.0
2018-11-21,0,43.0,,0.43,0.0
2018-11-22,0,43.0,,0.43,0.0
2018-11-23,0,43.0,,0.43,0.0
2018-11-24,0,43.0,,0.43,0.0
2018-11-25,0,43.0,,0.43,0.0
2018-11-26,0,43.0,,0.43,0.0
2018-11-27,0,43.0,,0.43,0.0
2018-11-28,0,43.0,,0.43,0.0
2018-11-29,0,43.0,,0.43,0.0
2018-11-30,0,43.0,,0.43,0.0
2018-12-01,0,35.0,False,0.35,0.0
2018-12-02,0,35.0,,0.35,0.0
2018-12-03,0,35.0,,0.35,0.0
2018-12-04,99,35.0,,0.35,34.65
2018-12-05,0,35.0,,0.35,0.0
2018-12-06,100,35.0,,0.35,35.0
2018-12-07,0,35.0,,0.35,0.0
2018-12-08,0,35.0,,0.35,0.0
2018-12-09,0,35.0,,0.35,0.0
2018-12-10,100,35.0,,0.35,35.0
2018-12-11,0,35.0,,0.35,0.0
2018-12-12,0,35.0,,0.35,0.0
2018-12-13,0,35.0,,0.35,0.0
2018-12-14,0,35.0,,0.35,0.0
2018-12-15,0,35.0,,0.35,0.0
2018-12-16,0,35.0,,0.35,0.0
2018-12-17,93,35.0,,0.35,32.55
2018-12-18,0,35.0,,0.35,0.0
2018-12-19,0,35.0,,0.35,0.0
2018-12-20,0,35.0,,0.35,0.0
2018-12-21,0,35.0,,0.35,0.0
2018-12-22,0,35.0,,0.35,0.0
2018-12-23,0,35.0,,0.35,0.0
2018-12-24,0,35.0,,0.35,0.0
2018-12-25,0,35.0,,0.35,0.0
2018-12-26,0,35.0,,0.35,0.0
2018-12-27,0,35.0,,0.35,0.0
2018-12-28,0,35.0,,0.35,0.0
2018-12-29,0,35.0,,0.35,0.0
2018-12-30,0,35.0,,0.35,0.0
2018-12-31,0,35.0,,0.35,0.0
2019-01-01,0,41.0,False,0.41,0.0
2019-01-02,0,41.0,,0.41,0.0
2019-01-03,0,41.0,,0.41,0.0
2019-01-04,0,41.0,,0.41,0.0
2019-01-05,0,41.0,,0.41,0.0
2019-01-06,0,41.0,,0.41,0.0
2019-01-07,0,41.0,,0.41,0.0
2019-01-08,0,41.0,,0.41,0.0
2019-01-09,100,41.0,,0.41,41.0
2019-01-10,98,41.0,,0.41,40.18
2019-01-11,0,41.0,,0.41,0.0
2019-01-12,0,41.0,,0.41,0.0
2019-01-13,0,41.0,,0.41,0.0
2019-01-14,0,41.0,,0.41,0.0
2019-01-15,0,41.0,,0.41,0.0
2019-01-16,0,41.0,,0.41,0.0
2019-01-17,0,41.0,,0.41,0.0
2019-01-18,0,41.0,,0.41,0.0
2019-01-19,0,41.0,,0.41,0.0
2019-01-20,0,41.0,,0.41,0.0
2019-01-21,0,41.0,,0.41,0.0
2019-01-22,0,41.0,,0.41,0.0
2019-01-23,0,41.0,,0.41,0.0
2019-01-24,0,41.0,,0.41,0.0
2019-01-25,0,41.0,,0.41,0.0
2019-01-26,0,41.0,,0.41,0.0
2019-01-27,0,41.0,,0.41,0.0
2019-01-28,0,41.0,,0.41,0.0
2019-01-29,0,41.0,,0.41,0.0
2019-01-30,95,41.0,,0.41,38.949999999999996
2019-01-31,0,41.0,,0.41,0.0
2019-02-01,0,26.0,False,0.26,0.0
2019-02-02,0,26.0,,0.26,0.0
2019-02-03,0,26.0,,0.26,0.0
2019-02-04,0,26.0,,0.26,0.0
2019-02-05,0,26.0,,0.26,0.0
2019-02-06,0,26.0,,0.26,0.0
2019-02-07,83,26.0,,0.26,21.580000000000002
2019-02-08,0,26.0,,0.26,0.0
2019-02-09,0,26.0,,0.26,0.0
2019-02-10,0,26.0,,0.26,0.0
2019-02-11,0,26.0,,0.26,0.0
2019-02-12,0,26.0,,0.26,0.0
2019-02-13,0,26.0,,0.26,0.0
2019-02-14,0,26.0,,0.26,0.0
2019-02-15,0,26.0,,0.26,0.0
2019-02-16,0,26.0,,0.26,0.0
2019-02-17,0,26.0,,0.26,0.0
2019-02-18,0,26.0,,0.26,0.0
2019-02-19,86,26.0,,0.26,22.36
2019-02-20,0,26.0,,0.26,0.0
2019-02-21,0,26.0,,0.26,0.0
2019-02-22,88,26.0,,0.26,22.880000000000003
2019-02-23,100,26.0,,0.26,26.0
2019-02-24,0,26.0,,0.26,0.0
2019-02-25,0,26.0,,0.26,0.0
2019-02-26,0,26.0,,0.26,0.0
2019-02-27,0,26.0,,0.26,0.0
2019-02-28,0,26.0,,0.26,0.0
2019-03-01,81,33.0,False,0.33,26.73
2019-03-02,0,33.0,,0.33,0.0
2019-03-03,0,33.0,,0.33,0.0
2019-03-04,0,33.0,,0.33,0.0
2019-03-05,0,33.0,,0.33,0.0
2019-03-06,0,33.0,,0.33,0.0
2019-03-07,0,33.0,,0.33,0.0
2019-03-08,0,33.0,,0.33,0.0
2019-03-09,100,33.0,,0.33,33.0
2019-03-10,98,33.0,,0.33,32.34
2019-03-11,0,33.0,,0.33,0.0
2019-03-12,0,33.0,,0.33,0.0
2019-03-13,0,33.0,,0.33,0.0
2019-03-14,82,33.0,,0.33,27.060000000000002
2019-03-15,0,33.0,,0.33,0.0
2019-03-16,0,33.0,,0.33,0.0
2019-03-17,0,33.0,,0.33,0.0
2019-03-18,0,33.0,,0.33,0.0
2019-03-19,0,33.0,,0.33,0.0
2019-03-20,0,33.0,,0.33,0.0
2019-03-21,0,33.0,,0.33,0.0
2019-03-22,0,33.0,,0.33,0.0
2019-03-23,0,33.0,,0.33,0.0
2019-03-24,0,33.0,,0.33,0.0
2019-03-25,83,33.0,,0.33,27.39
2019-03-26,85,33.0,,0.33,28.05
2019-03-27,0,33.0,,0.33,0.0
2019-03-28,0,33.0,,0.33,0.0
2019-03-29,0,33.0,,0.33,0.0
2019-03-30,0,33.0,,0.33,0.0
2019-03-31,97,33.0,,0.33,32.01
2019-04-01,0,78.0,False,0.78,0.0
2019-04-02,0,78.0,,0.78,0.0
2019-04-03,0,78.0,,0.78,0.0
2019-04-04,0,78.0,,0.78,0.0
2019-04-05,0,78.0,,0.78,0.0
2019-04-06,0,78.0,,0.78,0.0
2019-04-07,0,78.0,,0.78,0.0
2019-04-08,0,78.0,,0.78,0.0
2019-04-09,79,78.0,,0.78,61.620000000000005
2019-04-10,0,78.0,,0.78,0.0
2019-04-11,0,78.0,,0.78,0.0
2019-04-12,0,78.0,,0.78,0.0
2019-04-13,98,78.0,,0.78,76.44
2019-04-14,0,78.0,,0.78,0.0
2019-04-15,0,78.0,,0.78,0.0
2019-04-16,81,78.0,,0.78,63.18
2019-04-17,82,78.0,,0.78,63.96
2019-04-18,83,78.0,,0.78,64.74000000000001
2019-04-19,0,78.0,,0.78,0.0
2019-04-20,100,78.0,,0.78,78.0
2019-04-21,0,78.0,,0.78,0.0
2019-04-22,0,78.0,,0.78,0.0
2019-04-23,0,78.0,,0.78,0.0
2019-04-24,81,78.0,,0.78,63.18
2019-04-25,0,78.0,,0.78,0.0
2019-04-26,0,78.0,,0.78,0.0
2019-04-27,0,78.0,,0.78,0.0
2019-04-28,0,78.0,,0.78,0.0
2019-04-29,0,78.0,,0.78,0.0
2019-04-30,0,78.0,,0.78,0.0
2019-05-01,0,50.0,False,0.5,0.0
2019-05-02,0,50.0,,0.5,0.0
2019-05-03,100,50.0,,0.5,50.0
2019-05-04,0,50.0,,0.5,0.0
2019-05-05,0,50.0,,0.5,0.0
2019-05-06,0,50.0,,0.5,0.0
2019-05-07,0,50.0,,0.5,0.0
2019-05-08,0,50.0,,0.5,0.0
2019-05-09,0,50.0,,0.5,0.0
2019-05-10,0,50.0,,0.5,0.0
2019-05-11,0,50.0,,0.5,0.0
2019-05-12,0,50.0,,0.5,0.0
2019-05-13,0,50.0,,0.5,0.0
2019-05-14,0,50.0,,0.5,0.0
2019-05-15,0,50.0,,0.5,0.0
2019-05-16,50,50.0,,0.5,25.0
2019-05-17,0,50.0,,0.5,0.0
2019-05-18,0,50.0,,0.5,0.0
2019-05-19,0,50.0,,0.5,0.0
2019-05-20,0,50.0,,0.5,0.0
2019-05-21,0,50.0,,0.5,0.0
2019-05-22,0,50.0,,0.5,0.0
2019-05-23,0,50.0,,0.5,0.0
2019-05-24,0,50.0,,0.5,0.0
2019-05-25,0,50.0,,0.5,0.0
2019-05-26,0,50.0,,0.5,0.0
2019-05-27,0,50.0,,0.5,0.0
2019-05-28,0,50.0,,0.5,0.0
2019-05-29,0,50.0,,0.5,0.0
2019-05-30,0,50.0,,0.5,0.0
2019-05-31,0,50.0,,0.5,0.0
2019-06-01,0,35.0,False,0.35,0.0
2019-06-02,0,35.0,,0.35,0.0
2019-06-03,0,35.0,,0.35,0.0
2019-06-04,0,35.0,,0.35,0.0
2019-06-05,0,35.0,,0.35,0.0
2019-06-06,0,35.0,,0.35,0.0
2019-06-07,0,35.0,,0.35,0.0
2019-06-08,100,35.0,,0.35,35.0
2019-06-09,0,35.0,,0.35,0.0
2019-06-10,0,35.0,,0.35,0.0
2019-06-11,0,35.0,,0.35,0.0
2019-06-12,0,35.0,,0.35,0.0
2019-06-13,0,35.0,,0.35,0.0
2019-06-14,0,35.0,,0.35,0.0
2019-06-15,0,35.0,,0.35,0.0
2019-06-16,0,35.0,,0.35,0.0
2019-06-17,0,35.0,,0.35,0.0
2019-06-18,0,35.0,,0.35,0.0
2019-06-19,0,35.0,,0.35,0.0
2019-06-20,0,35.0,,0.35,0.0
2019-06-21,0,35.0,,0.35,0.0
2019-06-22,0,35.0,,0.35,0.0
2019-06-23,0,35.0,,0.35,0.0
2019-06-24,0,35.0,,0.35,0.0
2019-06-25,0,35.0,,0.35,0.0
2019-06-26,85,35.0,,0.35,29.749999999999996
2019-06-27,0,35.0,,0.35,0.0
2019-06-28,0,35.0,,0.35,0.0
2019-06-29,0,35.0,,0.35,0.0
2019-06-30,0,35.0,,0.35,0.0
2019-07-01,0,26.0,False,0.26,0.0
2019-07-02,0,26.0,,0.26,0.0
2019-07-03,0,26.0,,0.26,0.0
2019-07-04,100,26.0,,0.26,26.0
2019-07-05,0,26.0,,0.26,0.0
2019-07-06,0,26.0,,0.26,0.0
2019-07-07,0,26.0,,0.26,0.0
2019-07-08,0,26.0,,0.26,0.0
2019-07-09,0,26.0,,0.26,0.0
2019-07-10,0,26.0,,0.26,0.0
2019-07-11,0,26.0,,0.26,0.0
2019-07-12,0,26.0,,0.26,0.0
2019-07-13,0,26.0,,0.26,0.0
2019-07-14,0,26.0,,0.26,0.0
2019-07-15,0,26.0,,0.26,0.0
2019-07-16,0,26.0,,0.26,0.0
2019-07-17,0,26.0,,0.26,0.0
2019-07-18,0,26.0,,0.26,0.0
2019-07-19,0,26.0,,0.26,0.0
2019-07-20,0,26.0,,0.26,0.0
2019-07-21,0,26.0,,0.26,0.0
2019-07-22,0,26.0,,0.26,0.0
2019-07-23,0,26.0,,0.26,0.0
2019-07-24,0,26.0,,0.26,0.0
2019-07-25,0,26.0,,0.26,0.0
2019-07-26,0,26.0,,0.26,0.0
2019-07-27,0,26.0,,0.26,0.0
2019-07-28,0,26.0,,0.26,0.0
2019-07-29,0,26.0,,0.26,0.0
2019-07-30,0,26.0,,0.26,0.0
2019-07-31,0,26.0,,0.26,0.0
2019-08-01,100,50.0,False,0.5,50.0
2019-08-02,0,50.0,,0.5,0.0
2019-08-03,0,50.0,,0.5,0.0
2019-08-04,0,50.0,,0.5,0.0
2019-08-05,50,50.0,,0.5,25.0
2019-08-06,0,50.0,,0.5,0.0
2019-08-07,0,50.0,,0.5,0.0
2019-08-08,0,50.0,,0.5,0.0
2019-08-09,0,50.0,,0.5,0.0
2019-08-10,0,50.0,,0.5,0.0
2019-08-11,0,50.0,,0.5,0.0
2019-08-12,0,50.0,,0.5,0.0
2019-08-13,0,50.0,,0.5,0.0
2019-08-14,0,50.0,,0.5,0.0
2019-08-15,0,50.0,,0.5,0.0
2019-08-16,0,50.0,,0.5,0.0
2019-08-17,0,50.0,,0.5,0.0
2019-08-18,0,50.0,,0.5,0.0
2019-08-19,0,50.0,,0.5,0.0
2019-08-20,0,50.0,,0.5,0.0
2019-08-21,0,50.0,,0.5,0.0
2019-08-22,48,50.0,,0.5,24.0
2019-08-23,0,50.0,,0.5,0.0
2019-08-24,0,50.0,,0.5,0.0
2019-08-25,0,50.0,,0.5,0.0
2019-08-26,0,50.0,,0.5,0.0
2019-08-27,0,50.0,,0.5,0.0
2019-08-28,0,50.0,,0.5,0.0
2019-08-29,0,50.0,,0.5,0.0
2019-08-30,47,50.0,,0.5,23.5
2019-08-31,0,50.0,,0.5,0.0
2019-09-01,0,40.0,False,0.4,0.0
2019-09-02,0,40.0,,0.4,0.0
2019-09-03,43,40.0,,0.4,17.2
2019-09-04,0,40.0,,0.4,0.0
2019-09-05,0,40.0,,0.4,0.0
2019-09-06,0,40.0,,0.4,0.0
2019-09-07,0,40.0,,0.4,0.0
2019-09-08,0,40.0,,0.4,0.0
2019-09-09,0,40.0,,0.4,0.0
2019-09-10,0,40.0,,0.4,0.0
2019-09-11,0,40.0,,0.4,0.0
2019-09-12,0,40.0,,0.4,0.0
2019-09-13,0,40.0,,0.4,0.0
2019-09-14,0,40.0,,0.4,0.0
2019-09-15,100,40.0,,0.4,40.0
2019-09-16,0,40.0,,0.4,0.0
2019-09-17,0,40.0,,0.4,0.0
2019-09-18,0,40.0,,0.4,0.0
2019-09-19,0,40.0,,0.4,0.0
2019-09-20,0,40.0,,0.4,0.0
2019-09-21,0,40.0,,0.4,0.0
2019-09-22,0,40.0,,0.4,0.0
2019-09-23,0,40.0,,0.4,0.0
2019-09-24,0,40.0,,0.4,0.0
2019-09-25,43,40.0,,0.4,17.2
2019-09-26,0,40.0,,0.4,0.0
2019-09-27,0,40.0,,0.4,0.0
2019-09-28,0,40.0,,0.4,0.0
2019-09-29,0,40.0,,0.4,0.0
2019-09-30,0,40.0,,0.4,0.0
2019-10-01,0,77.0,False,0.77,0.0
2019-10-02,0,77.0,,0.77,0.0
2019-10-03,80,77.0,,0.77,61.6
2019-10-04,0,77.0,,0.77,0.0
2019-10-05,0,77.0,,0.77,0.0
2019-10-06,0,77.0,,0.77,0.0
2019-10-07,0,77.0,,0.77,0.0
2019-10-08,80,77.0,,0.77,61.6
2019-10-09,0,77.0,,0.77,0.0
2019-10-10,81,77.0,,0.77,62.370000000000005
2019-10-11,82,77.0,,0.77,63.14
2019-10-12,0,77.0,,0.77,0.0
2019-10-13,0,77.0,,0.77,0.0
2019-10-14,0,77.0,,0.77,0.0
2019-10-15,0,77.0,,0.77,0.0
2019-10-16,0,77.0,,0.77,0.0
2019-10-17,0,77.0,,0.77,0.0
2019-10-18,82,77.0,,0.77,63.14
2019-10-19,0,77.0,,0.77,0.0
2019-10-20,93,77.0,,0.77,71.61
2019-10-21,77,77.0,,0.77,59.29
2019-10-22,0,77.0,,0.77,0.0
2019-10-23,0,77.0,,0.77,0.0
2019-10-24,0,77.0,,0.77,0.0
2019-10-25,0,77.0,,0.77,0.0
2019-10-26,100,77.0,,0.77,77.0
2019-10-27,0,77.0,,0.77,0.0
2019-10-28,0,77.0,,0.77,0.0
2019-10-29,0,77.0,,0.77,0.0
2019-10-30,0,77.0,,0.77,0.0
2019-10-31,79,77.0,,0.77,60.83
2019-11-01,100,95.0,False,0.95,95.0
2019-11-02,0,95.0,,0.95,0.0
2019-11-03,0,95.0,,0.95,0.0
2019-11-04,0,95.0,,0.95,0.0
2019-11-05,0,95.0,,0.95,0.0
2019-11-06,0,95.0,,0.95,0.0
2019-11-07,94,95.0,,0.95,89.3
2019-11-08,95,95.0,,0.95,90.25
2019-11-09,0,95.0,,0.95,0.0
2019-11-10,0,95.0,,0.95,0.0
2019-11-11,0,95.0,,0.95,0.0
2019-11-12,0,95.0,,0.95,0.0
2019-11-13,0,95.0,,0.95,0.0
2019-11-14,0,95.0,,0.95,0.0
2019-11-15,0,95.0,,0.95,0.0
2019-11-16,0,95.0,,0.95,0.0
2019-11-17,0,95.0,,0.95,0.0
2019-11-18,0,95.0,,0.95,0.0
2019-11-19,0,95.0,,0.95,0.0
2019-11-20,95,95.0,,0.95,90.25
2019-11-21,0,95.0,,0.95,0.0
2019-11-22,0,95.0,,0.95,0.0
2019-11-23,0,95.0,,0.95,0.0
2019-11-24,0,95.0,,0.95,0.0
2019-11-25,0,95.0,,0.95,0.0
2019-11-26,0,95.0,,0.95,0.0
2019-11-27,0,95.0,,0.95,0.0
2019-11-28,0,95.0,,0.95,0.0
2019-11-29,0,95.0,,0.95,0.0
2019-11-30,0,95.0,,0.95,0.0
2019-12-01,0,16.0,False,0.16,0.0
2019-12-02,0,16.0,,0.16,0.0
2019-12-03,0,16.0,,0.16,0.0
2019-12-04,0,16.0,,0.16,0.0
2019-12-05,0,16.0,,0.16,0.0
2019-12-06,83,16.0,,0.16,13.280000000000001
2019-12-07,100,16.0,,0.16,16.0
2019-12-08,0,16.0,,0.16,0.0
2019-12-09,0,16.0,,0.16,0.0
2019-12-10,0,16.0,,0.16,0.0
2019-12-11,0,16.0,,0.16,0.0
2019-12-12,0,16.0,,0.16,0.0
2019-12-13,0,16.0,,0.16,0.0
2019-12-14,0,16.0,,0.16,0.0
2019-12-15,99,16.0,,0.16,15.84
2019-12-16,0,16.0,,0.16,0.0
2019-12-17,0,16.0,,0.16,0.0
2019-12-18,87,16.0,,0.16,13.92
2019-12-19,0,16.0,,0.16,0.0
2019-12-20,0,16.0,,0.16,0.0
2019-12-21,0,16.0,,0.16,0.0
2019-12-22,0,16.0,,0.16,0.0
2019-12-23,0,16.0,,0.16,0.0
2019-12-24,0,16.0,,0.16,0.0
2019-12-25,0,16.0,,0.16,0.0
2019-12-26,0,16.0,,0.16,0.0
2019-12-27,0,16.0,,0.16,0.0
2019-12-28,0,16.0,,0.16,0.0
2019-12-29,0,16.0,,0.16,0.0
2019-12-30,0,16.0,,0.16,0.0
2019-12-31,0,16.0,,0.16,0.0
2020-01-01,0,44.0,False,0.44,0.0
2020-01-02,0,44.0,,0.44,0.0
2020-01-03,0,44.0,,0.44,0.0
2020-01-04,0,44.0,,0.44,0.0
2020-01-05,0,44.0,,0.44,0.0
2020-01-06,0,44.0,,0.44,0.0
2020-01-07,51,44.0,,0.44,22.44
2020-01-08,0,44.0,,0.44,0.0
2020-01-09,51,44.0,,0.44,22.44
2020-01-10,0,44.0,,0.44,0.0
2020-01-11,0,44.0,,0.44,0.0
2020-01-12,0,44.0,,0.44,0.0
2020-01-13,0,44.0,,0.44,0.0
2020-01-14,0,44.0,,0.44,0.0
2020-01-15,0,44.0,,0.44,0.0
2020-01-16,97,44.0,,0.44,42.68
2020-01-17,0,44.0,,0.44,0.0
2020-01-18,0,44.0,,0.44,0.0
2020-01-19,0,44.0,,0.44,0.0
2020-01-20,0,44.0,,0.44,0.0
2020-01-21,0,44.0,,0.44,0.0
2020-01-22,0,44.0,,0.44,0.0
2020-01-23,0,44.0,,0.44,0.0
2020-01-24,0,44.0,,0.44,0.0
2020-01-25,0,44.0,,0.44,0.0
2020-01-26,0,44.0,,0.44,0.0
2020-01-27,0,44.0,,0.44,0.0
2020-01-28,0,44.0,,0.44,0.0
2020-01-29,0,44.0,,0.44,0.0
2020-01-30,50,44.0,,0.44,22.0
2020-01-31,100,44.0,,0.44,44.0
