date,synonym compensate_unscaled,synonym compensate_monthly,isPartial,scale,synonym compensate
2007-02-01,0,22.0,False,0.22,0.0
2007-02-02,0,22.0,,0.22,0.0
2007-02-03,0,22.0,,0.22,0.0
2007-02-04,0,22.0,,0.22,0.0
2007-02-05,0,22.0,,0.22,0.0
2007-02-06,0,22.0,,0.22,0.0
2007-02-07,0,22.0,,0.22,0.0
2007-02-08,0,22.0,,0.22,0.0
2007-02-09,0,22.0,,0.22,0.0
2007-02-10,0,22.0,,0.22,0.0
2007-02-11,0,22.0,,0.22,0.0
2007-02-12,0,22.0,,0.22,0.0
2007-02-13,0,22.0,,0.22,0.0
2007-02-14,0,22.0,,0.22,0.0
2007-02-15,0,22.0,,0.22,0.0
2007-02-16,0,22.0,,0.22,0.0
2007-02-17,0,22.0,,0.22,0.0
2007-02-18,0,22.0,,0.22,0.0
2007-02-19,0,22.0,,0.22,0.0
2007-02-20,0,22.0,,0.22,0.0
2007-02-21,100,22.0,,0.22,22.0
2007-02-22,0,22.0,,0.22,0.0
2007-02-23,0,22.0,,0.22,0.0
2007-02-24,0,22.0,,0.22,0.0
2007-02-25,0,22.0,,0.22,0.0
2007-02-26,0,22.0,,0.22,0.0
2007-02-27,0,22.0,,0.22,0.0
2007-02-28,0,22.0,,0.22,0.0
2007-10-01,0,16.0,False,0.16,0.0
2007-10-02,0,16.0,,0.16,0.0
2007-10-03,0,16.0,,0.16,0.0
2007-10-04,0,16.0,,0.16,0.0
2007-10-05,0,16.0,,0.16,0.0
2007-10-06,0,16.0,,0.16,0.0
2007-10-07,0,16.0,,0.16,0.0
2007-10-08,0,16.0,,0.16,0.0
2007-10-09,0,16.0,,0.16,0.0
2007-10-10,0,16.0,,0.16,0.0
2007-10-11,0,16.0,,0.16,0.0
2007-10-12,0,16.0,,0.16,0.0
2007-10-13,0,16.0,,0.16,0.0
2007-10-14,0,16.0,,0.16,0.0
2007-10-15,100,16.0,,0.16,16.0
2007-10-16,0,16.0,,0.16,0.0
2007-10-17,0,16.0,,0.16,0.0
2007-10-18,0,16.0,,0.16,0.0
2007-10-19,0,16.0,,0.16,0.0
2007-10-20,0,16.0,,0.16,0.0
2007-10-21,0,16.0,,0.16,0.0
2007-10-22,0,16.0,,0.16,0.0
2007-10-23,0,16.0,,0.16,0.0
2007-10-24,0,16.0,,0.16,0.0
2007-10-25,0,16.0,,0.16,0.0
2007-10-26,0,16.0,,0.16,0.0
2007-10-27,0,16.0,,0.16,0.0
2007-10-28,0,16.0,,0.16,0.0
2007-10-29,0,16.0,,0.16,0.0
2007-10-30,0,16.0,,0.16,0.0
2007-10-31,0,16.0,,0.16,0.0
2007-12-01,0,16.0,False,0.16,0.0
2007-12-02,100,16.0,,0.16,16.0
2007-12-03,0,16.0,,0.16,0.0
2007-12-04,0,16.0,,0.16,0.0
2007-12-05,0,16.0,,0.16,0.0
2007-12-06,0,16.0,,0.16,0.0
2007-12-07,0,16.0,,0.16,0.0
2007-12-08,0,16.0,,0.16,0.0
2007-12-09,0,16.0,,0.16,0.0
2007-12-10,0,16.0,,0.16,0.0
2007-12-11,0,16.0,,0.16,0.0
2007-12-12,0,16.0,,0.16,0.0
2007-12-13,0,16.0,,0.16,0.0
2007-12-14,0,16.0,,0.16,0.0
2007-12-15,0,16.0,,0.16,0.0
2007-12-16,0,16.0,,0.16,0.0
2007-12-17,0,16.0,,0.16,0.0
2007-12-18,0,16.0,,0.16,0.0
2007-12-19,0,16.0,,0.16,0.0
2007-12-20,0,16.0,,0.16,0.0
2007-12-21,0,16.0,,0.16,0.0
2007-12-22,0,16.0,,0.16,0.0
2007-12-23,0,16.0,,0.16,0.0
2007-12-24,0,16.0,,0.16,0.0
2007-12-25,0,16.0,,0.16,0.0
2007-12-26,0,16.0,,0.16,0.0
2007-12-27,0,16.0,,0.16,0.0
2007-12-28,0,16.0,,0.16,0.0
2007-12-29,0,16.0,,0.16,0.0
2007-12-30,0,16.0,,0.16,0.0
2007-12-31,0,16.0,,0.16,0.0
2008-12-01,0,13.0,False,0.13,0.0
2008-12-02,0,13.0,,0.13,0.0
2008-12-03,0,13.0,,0.13,0.0
2008-12-04,0,13.0,,0.13,0.0
2008-12-05,0,13.0,,0.13,0.0
2008-12-06,0,13.0,,0.13,0.0
2008-12-07,0,13.0,,0.13,0.0
2008-12-08,0,13.0,,0.13,0.0
2008-12-09,0,13.0,,0.13,0.0
2008-12-10,0,13.0,,0.13,0.0
2008-12-11,0,13.0,,0.13,0.0
2008-12-12,0,13.0,,0.13,0.0
2008-12-13,0,13.0,,0.13,0.0
2008-12-14,0,13.0,,0.13,0.0
2008-12-15,0,13.0,,0.13,0.0
2008-12-16,0,13.0,,0.13,0.0
2008-12-17,0,13.0,,0.13,0.0
2008-12-18,0,13.0,,0.13,0.0
2008-12-19,0,13.0,,0.13,0.0
2008-12-20,0,13.0,,0.13,0.0
2008-12-21,0,13.0,,0.13,0.0
2008-12-22,0,13.0,,0.13,0.0
2008-12-23,100,13.0,,0.13,13.0
2008-12-24,0,13.0,,0.13,0.0
2008-12-25,0,13.0,,0.13,0.0
2008-12-26,0,13.0,,0.13,0.0
2008-12-27,0,13.0,,0.13,0.0
2008-12-28,0,13.0,,0.13,0.0
2008-12-29,0,13.0,,0.13,0.0
2008-12-30,0,13.0,,0.13,0.0
2008-12-31,0,13.0,,0.13,0.0
2009-04-01,0,0.0,False,0.0,0.0
2009-04-02,0,0.0,,0.0,0.0
2009-04-03,0,0.0,,0.0,0.0
2009-04-04,0,0.0,,0.0,0.0
2009-04-05,0,0.0,,0.0,0.0
2009-04-06,0,0.0,,0.0,0.0
2009-04-07,0,0.0,,0.0,0.0
2009-04-08,0,0.0,,0.0,0.0
2009-04-09,0,0.0,,0.0,0.0
2009-04-10,0,0.0,,0.0,0.0
2009-04-11,0,0.0,,0.0,0.0
2009-04-12,0,0.0,,0.0,0.0
2009-04-13,0,0.0,,0.0,0.0
2009-04-14,0,0.0,,0.0,0.0
2009-04-15,0,0.0,,0.0,0.0
2009-04-16,0,0.0,,0.0,0.0
2009-04-17,0,0.0,,0.0,0.0
2009-04-18,0,0.0,,0.0,0.0
2009-04-19,0,0.0,,0.0,0.0
2009-04-20,0,0.0,,0.0,0.0
2009-04-21,100,0.0,,0.0,0.0
2009-04-22,0,0.0,,0.0,0.0
2009-04-23,0,0.0,,0.0,0.0
2009-04-24,0,0.0,,0.0,0.0
2009-04-25,0,0.0,,0.0,0.0
2009-04-26,0,0.0,,0.0,0.0
2009-04-27,0,0.0,,0.0,0.0
2009-04-28,0,0.0,,0.0,0.0
2009-04-29,0,0.0,,0.0,0.0
2009-04-30,0,0.0,,0.0,0.0
2009-05-01,0,0.0,False,0.0,0.0
2009-05-02,0,0.0,,0.0,0.0
2009-05-03,0,0.0,,0.0,0.0
2009-05-04,100,0.0,,0.0,0.0
2009-05-05,0,0.0,,0.0,0.0
2009-05-06,0,0.0,,0.0,0.0
2009-05-07,0,0.0,,0.0,0.0
2009-05-08,0,0.0,,0.0,0.0
2009-05-09,0,0.0,,0.0,0.0
2009-05-10,0,0.0,,0.0,0.0
2009-05-11,0,0.0,,0.0,0.0
2009-05-12,0,0.0,,0.0,0.0
2009-05-13,0,0.0,,0.0,0.0
2009-05-14,0,0.0,,0.0,0.0
2009-05-15,0,0.0,,0.0,0.0
2009-05-16,0,0.0,,0.0,0.0
2009-05-17,0,0.0,,0.0,0.0
2009-05-18,0,0.0,,0.0,0.0
2009-05-19,0,0.0,,0.0,0.0
2009-05-20,0,0.0,,0.0,0.0
2009-05-21,0,0.0,,0.0,0.0
2009-05-22,0,0.0,,0.0,0.0
2009-05-23,0,0.0,,0.0,0.0
2009-05-24,0,0.0,,0.0,0.0
2009-05-25,0,0.0,,0.0,0.0
2009-05-26,0,0.0,,0.0,0.0
2009-05-27,0,0.0,,0.0,0.0
2009-05-28,0,0.0,,0.0,0.0
2009-05-29,0,0.0,,0.0,0.0
2009-05-30,0,0.0,,0.0,0.0
2009-05-31,0,0.0,,0.0,0.0
2009-06-01,0,12.0,False,0.12,0.0
2009-06-02,0,12.0,,0.12,0.0
2009-06-03,0,12.0,,0.12,0.0
2009-06-04,0,12.0,,0.12,0.0
2009-06-05,0,12.0,,0.12,0.0
2009-06-06,0,12.0,,0.12,0.0
2009-06-07,0,12.0,,0.12,0.0
2009-06-08,0,12.0,,0.12,0.0
2009-06-09,0,12.0,,0.12,0.0
2009-06-10,0,12.0,,0.12,0.0
2009-06-11,0,12.0,,0.12,0.0
2009-06-12,100,12.0,,0.12,12.0
2009-06-13,0,12.0,,0.12,0.0
2009-06-14,0,12.0,,0.12,0.0
2009-06-15,0,12.0,,0.12,0.0
2009-06-16,0,12.0,,0.12,0.0
2009-06-17,0,12.0,,0.12,0.0
2009-06-18,0,12.0,,0.12,0.0
2009-06-19,0,12.0,,0.12,0.0
2009-06-20,0,12.0,,0.12,0.0
2009-06-21,0,12.0,,0.12,0.0
2009-06-22,0,12.0,,0.12,0.0
2009-06-23,0,12.0,,0.12,0.0
2009-06-24,0,12.0,,0.12,0.0
2009-06-25,0,12.0,,0.12,0.0
2009-06-26,0,12.0,,0.12,0.0
2009-06-27,0,12.0,,0.12,0.0
2009-06-28,0,12.0,,0.12,0.0
2009-06-29,0,12.0,,0.12,0.0
2009-06-30,0,12.0,,0.12,0.0
2009-10-01,0,0.0,False,0.0,0.0
2009-10-02,0,0.0,,0.0,0.0
2009-10-03,0,0.0,,0.0,0.0
2009-10-04,0,0.0,,0.0,0.0
2009-10-05,0,0.0,,0.0,0.0
2009-10-06,0,0.0,,0.0,0.0
2009-10-07,0,0.0,,0.0,0.0
2009-10-08,0,0.0,,0.0,0.0
2009-10-09,0,0.0,,0.0,0.0
2009-10-10,0,0.0,,0.0,0.0
2009-10-11,0,0.0,,0.0,0.0
2009-10-12,0,0.0,,0.0,0.0
2009-10-13,0,0.0,,0.0,0.0
2009-10-14,0,0.0,,0.0,0.0
2009-10-15,0,0.0,,0.0,0.0
2009-10-16,0,0.0,,0.0,0.0
2009-10-17,0,0.0,,0.0,0.0
2009-10-18,0,0.0,,0.0,0.0
2009-10-19,100,0.0,,0.0,0.0
2009-10-20,0,0.0,,0.0,0.0
2009-10-21,0,0.0,,0.0,0.0
2009-10-22,0,0.0,,0.0,0.0
2009-10-23,0,0.0,,0.0,0.0
2009-10-24,0,0.0,,0.0,0.0
2009-10-25,0,0.0,,0.0,0.0
2009-10-26,0,0.0,,0.0,0.0
2009-10-27,96,0.0,,0.0,0.0
2009-10-28,0,0.0,,0.0,0.0
2009-10-29,0,0.0,,0.0,0.0
2009-10-30,0,0.0,,0.0,0.0
2009-10-31,0,0.0,,0.0,0.0
2009-12-01,0,11.0,False,0.11,0.0
2009-12-02,0,11.0,,0.11,0.0
2009-12-03,0,11.0,,0.11,0.0
2009-12-04,0,11.0,,0.11,0.0
2009-12-05,0,11.0,,0.11,0.0
2009-12-06,0,11.0,,0.11,0.0
2009-12-07,0,11.0,,0.11,0.0
2009-12-08,0,11.0,,0.11,0.0
2009-12-09,0,11.0,,0.11,0.0
2009-12-10,0,11.0,,0.11,0.0
2009-12-11,0,11.0,,0.11,0.0
2009-12-12,0,11.0,,0.11,0.0
2009-12-13,0,11.0,,0.11,0.0
2009-12-14,100,11.0,,0.11,11.0
2009-12-15,0,11.0,,0.11,0.0
2009-12-16,0,11.0,,0.11,0.0
2009-12-17,0,11.0,,0.11,0.0
2009-12-18,0,11.0,,0.11,0.0
2009-12-19,0,11.0,,0.11,0.0
2009-12-20,0,11.0,,0.11,0.0
2009-12-21,0,11.0,,0.11,0.0
2009-12-22,0,11.0,,0.11,0.0
2009-12-23,0,11.0,,0.11,0.0
2009-12-24,0,11.0,,0.11,0.0
2009-12-25,0,11.0,,0.11,0.0
2009-12-26,0,11.0,,0.11,0.0
2009-12-27,0,11.0,,0.11,0.0
2009-12-28,0,11.0,,0.11,0.0
2009-12-29,0,11.0,,0.11,0.0
2009-12-30,0,11.0,,0.11,0.0
2009-12-31,0,11.0,,0.11,0.0
2010-06-01,0,0.0,False,0.0,0.0
2010-06-02,0,0.0,,0.0,0.0
2010-06-03,100,0.0,,0.0,0.0
2010-06-04,0,0.0,,0.0,0.0
2010-06-05,0,0.0,,0.0,0.0
2010-06-06,0,0.0,,0.0,0.0
2010-06-07,0,0.0,,0.0,0.0
2010-06-08,0,0.0,,0.0,0.0
2010-06-09,0,0.0,,0.0,0.0
2010-06-10,0,0.0,,0.0,0.0
2010-06-11,0,0.0,,0.0,0.0
2010-06-12,0,0.0,,0.0,0.0
2010-06-13,0,0.0,,0.0,0.0
2010-06-14,0,0.0,,0.0,0.0
2010-06-15,0,0.0,,0.0,0.0
2010-06-16,0,0.0,,0.0,0.0
2010-06-17,0,0.0,,0.0,0.0
2010-06-18,0,0.0,,0.0,0.0
2010-06-19,0,0.0,,0.0,0.0
2010-06-20,0,0.0,,0.0,0.0
2010-06-21,0,0.0,,0.0,0.0
2010-06-22,0,0.0,,0.0,0.0
2010-06-23,0,0.0,,0.0,0.0
2010-06-24,0,0.0,,0.0,0.0
2010-06-25,0,0.0,,0.0,0.0
2010-06-26,0,0.0,,0.0,0.0
2010-06-27,0,0.0,,0.0,0.0
2010-06-28,0,0.0,,0.0,0.0
2010-06-29,0,0.0,,0.0,0.0
2010-06-30,0,0.0,,0.0,0.0
2010-09-01,0,0.0,False,0.0,0.0
2010-09-02,0,0.0,,0.0,0.0
2010-09-03,0,0.0,,0.0,0.0
2010-09-04,0,0.0,,0.0,0.0
2010-09-05,0,0.0,,0.0,0.0
2010-09-06,0,0.0,,0.0,0.0
2010-09-07,0,0.0,,0.0,0.0
2010-09-08,0,0.0,,0.0,0.0
2010-09-09,0,0.0,,0.0,0.0
2010-09-10,0,0.0,,0.0,0.0
2010-09-11,0,0.0,,0.0,0.0
2010-09-12,0,0.0,,0.0,0.0
2010-09-13,0,0.0,,0.0,0.0
2010-09-14,0,0.0,,0.0,0.0
2010-09-15,0,0.0,,0.0,0.0
2010-09-16,100,0.0,,0.0,0.0
2010-09-17,0,0.0,,0.0,0.0
2010-09-18,0,0.0,,0.0,0.0
2010-09-19,0,0.0,,0.0,0.0
2010-09-20,0,0.0,,0.0,0.0
2010-09-21,0,0.0,,0.0,0.0
2010-09-22,0,0.0,,0.0,0.0
2010-09-23,0,0.0,,0.0,0.0
2010-09-24,0,0.0,,0.0,0.0
2010-09-25,0,0.0,,0.0,0.0
2010-09-26,0,0.0,,0.0,0.0
2010-09-27,0,0.0,,0.0,0.0
2010-09-28,0,0.0,,0.0,0.0
2010-09-29,0,0.0,,0.0,0.0
2010-09-30,0,0.0,,0.0,0.0
2010-11-01,0,8.0,False,0.08,0.0
2010-11-02,0,8.0,,0.08,0.0
2010-11-03,0,8.0,,0.08,0.0
2010-11-04,0,8.0,,0.08,0.0
2010-11-05,0,8.0,,0.08,0.0
2010-11-06,0,8.0,,0.08,0.0
2010-11-07,0,8.0,,0.08,0.0
2010-11-08,100,8.0,,0.08,8.0
2010-11-09,0,8.0,,0.08,0.0
2010-11-10,0,8.0,,0.08,0.0
2010-11-11,0,8.0,,0.08,0.0
2010-11-12,0,8.0,,0.08,0.0
2010-11-13,0,8.0,,0.08,0.0
2010-11-14,0,8.0,,0.08,0.0
2010-11-15,0,8.0,,0.08,0.0
2010-11-16,97,8.0,,0.08,7.76
2010-11-17,0,8.0,,0.08,0.0
2010-11-18,0,8.0,,0.08,0.0
2010-11-19,0,8.0,,0.08,0.0
2010-11-20,0,8.0,,0.08,0.0
2010-11-21,0,8.0,,0.08,0.0
2010-11-22,0,8.0,,0.08,0.0
2010-11-23,0,8.0,,0.08,0.0
2010-11-24,0,8.0,,0.08,0.0
2010-11-25,0,8.0,,0.08,0.0
2010-11-26,0,8.0,,0.08,0.0
2010-11-27,0,8.0,,0.08,0.0
2010-11-28,0,8.0,,0.08,0.0
2010-11-29,0,8.0,,0.08,0.0
2010-11-30,93,8.0,,0.08,7.44
2011-01-01,0,7.0,False,0.07,0.0
2011-01-02,0,7.0,,0.07,0.0
2011-01-03,0,7.0,,0.07,0.0
2011-01-04,0,7.0,,0.07,0.0
2011-01-05,0,7.0,,0.07,0.0
2011-01-06,0,7.0,,0.07,0.0
2011-01-07,0,7.0,,0.07,0.0
2011-01-08,0,7.0,,0.07,0.0
2011-01-09,0,7.0,,0.07,0.0
2011-01-10,0,7.0,,0.07,0.0
2011-01-11,0,7.0,,0.07,0.0
2011-01-12,0,7.0,,0.07,0.0
2011-01-13,0,7.0,,0.07,0.0
2011-01-14,0,7.0,,0.07,0.0
2011-01-15,100,7.0,,0.07,7.000000000000001
2011-01-16,0,7.0,,0.07,0.0
2011-01-17,0,7.0,,0.07,0.0
2011-01-18,0,7.0,,0.07,0.0
2011-01-19,0,7.0,,0.07,0.0
2011-01-20,0,7.0,,0.07,0.0
2011-01-21,0,7.0,,0.07,0.0
2011-01-22,0,7.0,,0.07,0.0
2011-01-23,0,7.0,,0.07,0.0
2011-01-24,0,7.0,,0.07,0.0
2011-01-25,0,7.0,,0.07,0.0
2011-01-26,0,7.0,,0.07,0.0
2011-01-27,0,7.0,,0.07,0.0
2011-01-28,0,7.0,,0.07,0.0
2011-01-29,0,7.0,,0.07,0.0
2011-01-30,0,7.0,,0.07,0.0
2011-01-31,0,7.0,,0.07,0.0
2011-03-01,0,13.0,False,0.13,0.0
2011-03-02,0,13.0,,0.13,0.0
2011-03-03,0,13.0,,0.13,0.0
2011-03-04,79,13.0,,0.13,10.27
2011-03-05,0,13.0,,0.13,0.0
2011-03-06,0,13.0,,0.13,0.0
2011-03-07,0,13.0,,0.13,0.0
2011-03-08,0,13.0,,0.13,0.0
2011-03-09,0,13.0,,0.13,0.0
2011-03-10,0,13.0,,0.13,0.0
2011-03-11,0,13.0,,0.13,0.0
2011-03-12,0,13.0,,0.13,0.0
2011-03-13,0,13.0,,0.13,0.0
2011-03-14,0,13.0,,0.13,0.0
2011-03-15,0,13.0,,0.13,0.0
2011-03-16,0,13.0,,0.13,0.0
2011-03-17,0,13.0,,0.13,0.0
2011-03-18,0,13.0,,0.13,0.0
2011-03-19,100,13.0,,0.13,13.0
2011-03-20,0,13.0,,0.13,0.0
2011-03-21,0,13.0,,0.13,0.0
2011-03-22,0,13.0,,0.13,0.0
2011-03-23,0,13.0,,0.13,0.0
2011-03-24,0,13.0,,0.13,0.0
2011-03-25,0,13.0,,0.13,0.0
2011-03-26,0,13.0,,0.13,0.0
2011-03-27,0,13.0,,0.13,0.0
2011-03-28,0,13.0,,0.13,0.0
2011-03-29,0,13.0,,0.13,0.0
2011-03-30,0,13.0,,0.13,0.0
2011-03-31,0,13.0,,0.13,0.0
2011-04-01,0,26.0,False,0.26,0.0
2011-04-02,0,26.0,,0.26,0.0
2011-04-03,0,26.0,,0.26,0.0
2011-04-04,0,26.0,,0.26,0.0
2011-04-05,0,26.0,,0.26,0.0
2011-04-06,0,26.0,,0.26,0.0
2011-04-07,0,26.0,,0.26,0.0
2011-04-08,0,26.0,,0.26,0.0
2011-04-09,0,26.0,,0.26,0.0
2011-04-10,0,26.0,,0.26,0.0
2011-04-11,64,26.0,,0.26,16.64
2011-04-12,0,26.0,,0.26,0.0
2011-04-13,0,26.0,,0.26,0.0
2011-04-14,0,26.0,,0.26,0.0
2011-04-15,0,26.0,,0.26,0.0
2011-04-16,0,26.0,,0.26,0.0
2011-04-17,100,26.0,,0.26,26.0
2011-04-18,75,26.0,,0.26,19.5
2011-04-19,0,26.0,,0.26,0.0
2011-04-20,63,26.0,,0.26,16.38
2011-04-21,66,26.0,,0.26,17.16
2011-04-22,0,26.0,,0.26,0.0
2011-04-23,0,26.0,,0.26,0.0
2011-04-24,0,26.0,,0.26,0.0
2011-04-25,0,26.0,,0.26,0.0
2011-04-26,0,26.0,,0.26,0.0
2011-04-27,0,26.0,,0.26,0.0
2011-04-28,0,26.0,,0.26,0.0
2011-04-29,66,26.0,,0.26,17.16
2011-04-30,0,26.0,,0.26,0.0
2011-06-01,0,13.0,False,0.13,0.0
2011-06-02,0,13.0,,0.13,0.0
2011-06-03,0,13.0,,0.13,0.0
2011-06-04,0,13.0,,0.13,0.0
2011-06-05,0,13.0,,0.13,0.0
2011-06-06,0,13.0,,0.13,0.0
2011-06-07,99,13.0,,0.13,12.870000000000001
2011-06-08,0,13.0,,0.13,0.0
2011-06-09,0,13.0,,0.13,0.0
2011-06-10,0,13.0,,0.13,0.0
2011-06-11,0,13.0,,0.13,0.0
2011-06-12,0,13.0,,0.13,0.0
2011-06-13,0,13.0,,0.13,0.0
2011-06-14,100,13.0,,0.13,13.0
2011-06-15,0,13.0,,0.13,0.0
2011-06-16,0,13.0,,0.13,0.0
2011-06-17,0,13.0,,0.13,0.0
2011-06-18,0,13.0,,0.13,0.0
2011-06-19,0,13.0,,0.13,0.0
2011-06-20,0,13.0,,0.13,0.0
2011-06-21,0,13.0,,0.13,0.0
2011-06-22,0,13.0,,0.13,0.0
2011-06-23,0,13.0,,0.13,0.0
2011-06-24,0,13.0,,0.13,0.0
2011-06-25,0,13.0,,0.13,0.0
2011-06-26,0,13.0,,0.13,0.0
2011-06-27,0,13.0,,0.13,0.0
2011-06-28,0,13.0,,0.13,0.0
2011-06-29,0,13.0,,0.13,0.0
2011-06-30,0,13.0,,0.13,0.0
2011-07-01,0,6.0,False,0.06,0.0
2011-07-02,0,6.0,,0.06,0.0
2011-07-03,0,6.0,,0.06,0.0
2011-07-04,0,6.0,,0.06,0.0
2011-07-05,0,6.0,,0.06,0.0
2011-07-06,0,6.0,,0.06,0.0
2011-07-07,0,6.0,,0.06,0.0
2011-07-08,0,6.0,,0.06,0.0
2011-07-09,0,6.0,,0.06,0.0
2011-07-10,0,6.0,,0.06,0.0
2011-07-11,0,6.0,,0.06,0.0
2011-07-12,0,6.0,,0.06,0.0
2011-07-13,0,6.0,,0.06,0.0
2011-07-14,0,6.0,,0.06,0.0
2011-07-15,0,6.0,,0.06,0.0
2011-07-16,0,6.0,,0.06,0.0
2011-07-17,0,6.0,,0.06,0.0
2011-07-18,0,6.0,,0.06,0.0
2011-07-19,0,6.0,,0.06,0.0
2011-07-20,0,6.0,,0.06,0.0
2011-07-21,0,6.0,,0.06,0.0
2011-07-22,100,6.0,,0.06,6.0
2011-07-23,0,6.0,,0.06,0.0
2011-07-24,0,6.0,,0.06,0.0
2011-07-25,0,6.0,,0.06,0.0
2011-07-26,0,6.0,,0.06,0.0
2011-07-27,0,6.0,,0.06,0.0
2011-07-28,0,6.0,,0.06,0.0
2011-07-29,0,6.0,,0.06,0.0
2011-07-30,0,6.0,,0.06,0.0
2011-07-31,0,6.0,,0.06,0.0
2011-09-01,0,0.0,False,0.0,0.0
2011-09-02,0,0.0,,0.0,0.0
2011-09-03,0,0.0,,0.0,0.0
2011-09-04,0,0.0,,0.0,0.0
2011-09-05,0,0.0,,0.0,0.0
2011-09-06,0,0.0,,0.0,0.0
2011-09-07,0,0.0,,0.0,0.0
2011-09-08,0,0.0,,0.0,0.0
2011-09-09,0,0.0,,0.0,0.0
2011-09-10,0,0.0,,0.0,0.0
2011-09-11,0,0.0,,0.0,0.0
2011-09-12,0,0.0,,0.0,0.0
2011-09-13,0,0.0,,0.0,0.0
2011-09-14,0,0.0,,0.0,0.0
2011-09-15,0,0.0,,0.0,0.0
2011-09-16,0,0.0,,0.0,0.0
2011-09-17,0,0.0,,0.0,0.0
2011-09-18,100,0.0,,0.0,0.0
2011-09-19,0,0.0,,0.0,0.0
2011-09-20,0,0.0,,0.0,0.0
2011-09-21,0,0.0,,0.0,0.0
2011-09-22,0,0.0,,0.0,0.0
2011-09-23,0,0.0,,0.0,0.0
2011-09-24,0,0.0,,0.0,0.0
2011-09-25,0,0.0,,0.0,0.0
2011-09-26,0,0.0,,0.0,0.0
2011-09-27,0,0.0,,0.0,0.0
2011-09-28,0,0.0,,0.0,0.0
2011-09-29,0,0.0,,0.0,0.0
2011-09-30,0,0.0,,0.0,0.0
2011-10-01,0,11.0,False,0.11,0.0
2011-10-02,0,11.0,,0.11,0.0
2011-10-03,0,11.0,,0.11,0.0
2011-10-04,0,11.0,,0.11,0.0
2011-10-05,77,11.0,,0.11,8.47
2011-10-06,0,11.0,,0.11,0.0
2011-10-07,0,11.0,,0.11,0.0
2011-10-08,0,11.0,,0.11,0.0
2011-10-09,100,11.0,,0.11,11.0
2011-10-10,0,11.0,,0.11,0.0
2011-10-11,0,11.0,,0.11,0.0
2011-10-12,0,11.0,,0.11,0.0
2011-10-13,0,11.0,,0.11,0.0
2011-10-14,0,11.0,,0.11,0.0
2011-10-15,99,11.0,,0.11,10.89
2011-10-16,0,11.0,,0.11,0.0
2011-10-17,77,11.0,,0.11,8.47
2011-10-18,0,11.0,,0.11,0.0
2011-10-19,0,11.0,,0.11,0.0
2011-10-20,0,11.0,,0.11,0.0
2011-10-21,93,11.0,,0.11,10.23
2011-10-22,0,11.0,,0.11,0.0
2011-10-23,0,11.0,,0.11,0.0
2011-10-24,0,11.0,,0.11,0.0
2011-10-25,0,11.0,,0.11,0.0
2011-10-26,0,11.0,,0.11,0.0
2011-10-27,0,11.0,,0.11,0.0
2011-10-28,0,11.0,,0.11,0.0
2011-10-29,0,11.0,,0.11,0.0
2011-10-30,0,11.0,,0.11,0.0
2011-10-31,0,11.0,,0.11,0.0
2011-11-01,0,6.0,False,0.06,0.0
2011-11-02,0,6.0,,0.06,0.0
2011-11-03,0,6.0,,0.06,0.0
2011-11-04,84,6.0,,0.06,5.04
2011-11-05,0,6.0,,0.06,0.0
2011-11-06,0,6.0,,0.06,0.0
2011-11-07,0,6.0,,0.06,0.0
2011-11-08,0,6.0,,0.06,0.0
2011-11-09,0,6.0,,0.06,0.0
2011-11-10,0,6.0,,0.06,0.0
2011-11-11,0,6.0,,0.06,0.0
2011-11-12,0,6.0,,0.06,0.0
2011-11-13,0,6.0,,0.06,0.0
2011-11-14,0,6.0,,0.06,0.0
2011-11-15,0,6.0,,0.06,0.0
2011-11-16,0,6.0,,0.06,0.0
2011-11-17,0,6.0,,0.06,0.0
2011-11-18,0,6.0,,0.06,0.0
2011-11-19,0,6.0,,0.06,0.0
2011-11-20,0,6.0,,0.06,0.0
2011-11-21,0,6.0,,0.06,0.0
2011-11-22,0,6.0,,0.06,0.0
2011-11-23,0,6.0,,0.06,0.0
2011-11-24,0,6.0,,0.06,0.0
2011-11-25,0,6.0,,0.06,0.0
2011-11-26,100,6.0,,0.06,6.0
2011-11-27,0,6.0,,0.06,0.0
2011-11-28,0,6.0,,0.06,0.0
2011-11-29,0,6.0,,0.06,0.0
2011-11-30,0,6.0,,0.06,0.0
2011-12-01,0,11.0,False,0.11,0.0
2011-12-02,0,11.0,,0.11,0.0
2011-12-03,0,11.0,,0.11,0.0
2011-12-04,0,11.0,,0.11,0.0
2011-12-05,0,11.0,,0.11,0.0
2011-12-06,100,11.0,,0.11,11.0
2011-12-07,0,11.0,,0.11,0.0
2011-12-08,0,11.0,,0.11,0.0
2011-12-09,0,11.0,,0.11,0.0
2011-12-10,0,11.0,,0.11,0.0
2011-12-11,0,11.0,,0.11,0.0
2011-12-12,0,11.0,,0.11,0.0
2011-12-13,0,11.0,,0.11,0.0
2011-12-14,0,11.0,,0.11,0.0
2011-12-15,0,11.0,,0.11,0.0
2011-12-16,0,11.0,,0.11,0.0
2011-12-17,0,11.0,,0.11,0.0
2011-12-18,0,11.0,,0.11,0.0
2011-12-19,0,11.0,,0.11,0.0
2011-12-20,0,11.0,,0.11,0.0
2011-12-21,0,11.0,,0.11,0.0
2011-12-22,0,11.0,,0.11,0.0
2011-12-23,0,11.0,,0.11,0.0
2011-12-24,0,11.0,,0.11,0.0
2011-12-25,0,11.0,,0.11,0.0
2011-12-26,0,11.0,,0.11,0.0
2011-12-27,0,11.0,,0.11,0.0
2011-12-28,0,11.0,,0.11,0.0
2011-12-29,0,11.0,,0.11,0.0
2011-12-30,0,11.0,,0.11,0.0
2011-12-31,0,11.0,,0.11,0.0
2012-01-01,0,10.0,False,0.1,0.0
2012-01-02,0,10.0,,0.1,0.0
2012-01-03,0,10.0,,0.1,0.0
2012-01-04,0,10.0,,0.1,0.0
2012-01-05,0,10.0,,0.1,0.0
2012-01-06,0,10.0,,0.1,0.0
2012-01-07,0,10.0,,0.1,0.0
2012-01-08,0,10.0,,0.1,0.0
2012-01-09,0,10.0,,0.1,0.0
2012-01-10,0,10.0,,0.1,0.0
2012-01-11,0,10.0,,0.1,0.0
2012-01-12,0,10.0,,0.1,0.0
2012-01-13,0,10.0,,0.1,0.0
2012-01-14,0,10.0,,0.1,0.0
2012-01-15,0,10.0,,0.1,0.0
2012-01-16,0,10.0,,0.1,0.0
2012-01-17,0,10.0,,0.1,0.0
2012-01-18,0,10.0,,0.1,0.0
2012-01-19,0,10.0,,0.1,0.0
2012-01-20,100,10.0,,0.1,10.0
2012-01-21,0,10.0,,0.1,0.0
2012-01-22,0,10.0,,0.1,0.0
2012-01-23,0,10.0,,0.1,0.0
2012-01-24,0,10.0,,0.1,0.0
2012-01-25,0,10.0,,0.1,0.0
2012-01-26,0,10.0,,0.1,0.0
2012-01-27,0,10.0,,0.1,0.0
2012-01-28,0,10.0,,0.1,0.0
2012-01-29,0,10.0,,0.1,0.0
2012-01-30,96,10.0,,0.1,9.600000000000001
2012-01-31,0,10.0,,0.1,0.0
2012-03-01,0,10.0,False,0.1,0.0
2012-03-02,0,10.0,,0.1,0.0
2012-03-03,0,10.0,,0.1,0.0
2012-03-04,0,10.0,,0.1,0.0
2012-03-05,100,10.0,,0.1,10.0
2012-03-06,0,10.0,,0.1,0.0
2012-03-07,0,10.0,,0.1,0.0
2012-03-08,0,10.0,,0.1,0.0
2012-03-09,0,10.0,,0.1,0.0
2012-03-10,0,10.0,,0.1,0.0
2012-03-11,0,10.0,,0.1,0.0
2012-03-12,0,10.0,,0.1,0.0
2012-03-13,93,10.0,,0.1,9.3
2012-03-14,0,10.0,,0.1,0.0
2012-03-15,0,10.0,,0.1,0.0
2012-03-16,0,10.0,,0.1,0.0
2012-03-17,0,10.0,,0.1,0.0
2012-03-18,0,10.0,,0.1,0.0
2012-03-19,0,10.0,,0.1,0.0
2012-03-20,0,10.0,,0.1,0.0
2012-03-21,0,10.0,,0.1,0.0
2012-03-22,0,10.0,,0.1,0.0
2012-03-23,0,10.0,,0.1,0.0
2012-03-24,0,10.0,,0.1,0.0
2012-03-25,0,10.0,,0.1,0.0
2012-03-26,0,10.0,,0.1,0.0
2012-03-27,0,10.0,,0.1,0.0
2012-03-28,0,10.0,,0.1,0.0
2012-03-29,0,10.0,,0.1,0.0
2012-03-30,0,10.0,,0.1,0.0
2012-03-31,0,10.0,,0.1,0.0
2012-04-01,0,5.0,False,0.05,0.0
2012-04-02,0,5.0,,0.05,0.0
2012-04-03,0,5.0,,0.05,0.0
2012-04-04,0,5.0,,0.05,0.0
2012-04-05,0,5.0,,0.05,0.0
2012-04-06,0,5.0,,0.05,0.0
2012-04-07,0,5.0,,0.05,0.0
2012-04-08,0,5.0,,0.05,0.0
2012-04-09,0,5.0,,0.05,0.0
2012-04-10,0,5.0,,0.05,0.0
2012-04-11,0,5.0,,0.05,0.0
2012-04-12,0,5.0,,0.05,0.0
2012-04-13,0,5.0,,0.05,0.0
2012-04-14,0,5.0,,0.05,0.0
2012-04-15,0,5.0,,0.05,0.0
2012-04-16,0,5.0,,0.05,0.0
2012-04-17,0,5.0,,0.05,0.0
2012-04-18,0,5.0,,0.05,0.0
2012-04-19,0,5.0,,0.05,0.0
2012-04-20,0,5.0,,0.05,0.0
2012-04-21,0,5.0,,0.05,0.0
2012-04-22,0,5.0,,0.05,0.0
2012-04-23,0,5.0,,0.05,0.0
2012-04-24,0,5.0,,0.05,0.0
2012-04-25,0,5.0,,0.05,0.0
2012-04-26,100,5.0,,0.05,5.0
2012-04-27,0,5.0,,0.05,0.0
2012-04-28,0,5.0,,0.05,0.0
2012-04-29,0,5.0,,0.05,0.0
2012-04-30,0,5.0,,0.05,0.0
2012-05-01,0,5.0,False,0.05,0.0
2012-05-02,0,5.0,,0.05,0.0
2012-05-03,0,5.0,,0.05,0.0
2012-05-04,0,5.0,,0.05,0.0
2012-05-05,0,5.0,,0.05,0.0
2012-05-06,0,5.0,,0.05,0.0
2012-05-07,0,5.0,,0.05,0.0
2012-05-08,0,5.0,,0.05,0.0
2012-05-09,0,5.0,,0.05,0.0
2012-05-10,0,5.0,,0.05,0.0
2012-05-11,0,5.0,,0.05,0.0
2012-05-12,0,5.0,,0.05,0.0
2012-05-13,0,5.0,,0.05,0.0
2012-05-14,0,5.0,,0.05,0.0
2012-05-15,0,5.0,,0.05,0.0
2012-05-16,0,5.0,,0.05,0.0
2012-05-17,0,5.0,,0.05,0.0
2012-05-18,0,5.0,,0.05,0.0
2012-05-19,0,5.0,,0.05,0.0
2012-05-20,0,5.0,,0.05,0.0
2012-05-21,0,5.0,,0.05,0.0
2012-05-22,98,5.0,,0.05,4.9
2012-05-23,0,5.0,,0.05,0.0
2012-05-24,0,5.0,,0.05,0.0
2012-05-25,0,5.0,,0.05,0.0
2012-05-26,0,5.0,,0.05,0.0
2012-05-27,0,5.0,,0.05,0.0
2012-05-28,0,5.0,,0.05,0.0
2012-05-29,0,5.0,,0.05,0.0
2012-05-30,0,5.0,,0.05,0.0
2012-05-31,100,5.0,,0.05,5.0
2012-06-01,0,16.0,False,0.16,0.0
2012-06-02,0,16.0,,0.16,0.0
2012-06-03,0,16.0,,0.16,0.0
2012-06-04,0,16.0,,0.16,0.0
2012-06-05,0,16.0,,0.16,0.0
2012-06-06,0,16.0,,0.16,0.0
2012-06-07,0,16.0,,0.16,0.0
2012-06-08,0,16.0,,0.16,0.0
2012-06-09,0,16.0,,0.16,0.0
2012-06-10,0,16.0,,0.16,0.0
2012-06-11,0,16.0,,0.16,0.0
2012-06-12,0,16.0,,0.16,0.0
2012-06-13,0,16.0,,0.16,0.0
2012-06-14,0,16.0,,0.16,0.0
2012-06-15,0,16.0,,0.16,0.0
2012-06-16,0,16.0,,0.16,0.0
2012-06-17,0,16.0,,0.16,0.0
2012-06-18,0,16.0,,0.16,0.0
2012-06-19,95,16.0,,0.16,15.200000000000001
2012-06-20,0,16.0,,0.16,0.0
2012-06-21,0,16.0,,0.16,0.0
2012-06-22,100,16.0,,0.16,16.0
2012-06-23,0,16.0,,0.16,0.0
2012-06-24,0,16.0,,0.16,0.0
2012-06-25,0,16.0,,0.16,0.0
2012-06-26,0,16.0,,0.16,0.0
2012-06-27,0,16.0,,0.16,0.0
2012-06-28,0,16.0,,0.16,0.0
2012-06-29,0,16.0,,0.16,0.0
2012-06-30,0,16.0,,0.16,0.0
2012-09-01,0,15.0,False,0.15,0.0
2012-09-02,0,15.0,,0.15,0.0
2012-09-03,0,15.0,,0.15,0.0
2012-09-04,0,15.0,,0.15,0.0
2012-09-05,0,15.0,,0.15,0.0
2012-09-06,0,15.0,,0.15,0.0
2012-09-07,0,15.0,,0.15,0.0
2012-09-08,0,15.0,,0.15,0.0
2012-09-09,0,15.0,,0.15,0.0
2012-09-10,0,15.0,,0.15,0.0
2012-09-11,0,15.0,,0.15,0.0
2012-09-12,0,15.0,,0.15,0.0
2012-09-13,0,15.0,,0.15,0.0
2012-09-14,84,15.0,,0.15,12.6
2012-09-15,0,15.0,,0.15,0.0
2012-09-16,0,15.0,,0.15,0.0
2012-09-17,80,15.0,,0.15,12.0
2012-09-18,0,15.0,,0.15,0.0
2012-09-19,0,15.0,,0.15,0.0
2012-09-20,0,15.0,,0.15,0.0
2012-09-21,0,15.0,,0.15,0.0
2012-09-22,0,15.0,,0.15,0.0
2012-09-23,0,15.0,,0.15,0.0
2012-09-24,0,15.0,,0.15,0.0
2012-09-25,0,15.0,,0.15,0.0
2012-09-26,0,15.0,,0.15,0.0
2012-09-27,0,15.0,,0.15,0.0
2012-09-28,0,15.0,,0.15,0.0
2012-09-29,100,15.0,,0.15,15.0
2012-09-30,0,15.0,,0.15,0.0
2012-11-01,0,5.0,False,0.05,0.0
2012-11-02,0,5.0,,0.05,0.0
2012-11-03,0,5.0,,0.05,0.0
2012-11-04,0,5.0,,0.05,0.0
2012-11-05,0,5.0,,0.05,0.0
2012-11-06,0,5.0,,0.05,0.0
2012-11-07,0,5.0,,0.05,0.0
2012-11-08,0,5.0,,0.05,0.0
2012-11-09,0,5.0,,0.05,0.0
2012-11-10,0,5.0,,0.05,0.0
2012-11-11,0,5.0,,0.05,0.0
2012-11-12,97,5.0,,0.05,4.8500000000000005
2012-11-13,0,5.0,,0.05,0.0
2012-11-14,0,5.0,,0.05,0.0
2012-11-15,0,5.0,,0.05,0.0
2012-11-16,100,5.0,,0.05,5.0
2012-11-17,0,5.0,,0.05,0.0
2012-11-18,0,5.0,,0.05,0.0
2012-11-19,94,5.0,,0.05,4.7
2012-11-20,0,5.0,,0.05,0.0
2012-11-21,0,5.0,,0.05,0.0
2012-11-22,0,5.0,,0.05,0.0
2012-11-23,0,5.0,,0.05,0.0
2012-11-24,0,5.0,,0.05,0.0
2012-11-25,0,5.0,,0.05,0.0
2012-11-26,0,5.0,,0.05,0.0
2012-11-27,0,5.0,,0.05,0.0
2012-11-28,0,5.0,,0.05,0.0
2012-11-29,90,5.0,,0.05,4.5
2012-11-30,0,5.0,,0.05,0.0
2012-12-01,0,4.0,False,0.04,0.0
2012-12-02,0,4.0,,0.04,0.0
2012-12-03,0,4.0,,0.04,0.0
2012-12-04,0,4.0,,0.04,0.0
2012-12-05,80,4.0,,0.04,3.2
2012-12-06,0,4.0,,0.04,0.0
2012-12-07,0,4.0,,0.04,0.0
2012-12-08,0,4.0,,0.04,0.0
2012-12-09,0,4.0,,0.04,0.0
2012-12-10,79,4.0,,0.04,3.16
2012-12-11,0,4.0,,0.04,0.0
2012-12-12,0,4.0,,0.04,0.0
2012-12-13,0,4.0,,0.04,0.0
2012-12-14,0,4.0,,0.04,0.0
2012-12-15,0,4.0,,0.04,0.0
2012-12-16,0,4.0,,0.04,0.0
2012-12-17,0,4.0,,0.04,0.0
2012-12-18,0,4.0,,0.04,0.0
2012-12-19,0,4.0,,0.04,0.0
2012-12-20,0,4.0,,0.04,0.0
2012-12-21,0,4.0,,0.04,0.0
2012-12-22,0,4.0,,0.04,0.0
2012-12-23,0,4.0,,0.04,0.0
2012-12-24,0,4.0,,0.04,0.0
2012-12-25,0,4.0,,0.04,0.0
2012-12-26,0,4.0,,0.04,0.0
2012-12-27,0,4.0,,0.04,0.0
2012-12-28,0,4.0,,0.04,0.0
2012-12-29,100,4.0,,0.04,4.0
2012-12-30,0,4.0,,0.04,0.0
2012-12-31,0,4.0,,0.04,0.0
2013-01-01,0,21.0,False,0.21,0.0
2013-01-02,0,21.0,,0.21,0.0
2013-01-03,0,21.0,,0.21,0.0
2013-01-04,0,21.0,,0.21,0.0
2013-01-05,0,21.0,,0.21,0.0
2013-01-06,0,21.0,,0.21,0.0
2013-01-07,0,21.0,,0.21,0.0
2013-01-08,100,21.0,,0.21,21.0
2013-01-09,0,21.0,,0.21,0.0
2013-01-10,0,21.0,,0.21,0.0
2013-01-11,0,21.0,,0.21,0.0
2013-01-12,0,21.0,,0.21,0.0
2013-01-13,0,21.0,,0.21,0.0
2013-01-14,0,21.0,,0.21,0.0
2013-01-15,0,21.0,,0.21,0.0
2013-01-16,0,21.0,,0.21,0.0
2013-01-17,0,21.0,,0.21,0.0
2013-01-18,0,21.0,,0.21,0.0
2013-01-19,0,21.0,,0.21,0.0
2013-01-20,0,21.0,,0.21,0.0
2013-01-21,0,21.0,,0.21,0.0
2013-01-22,0,21.0,,0.21,0.0
2013-01-23,0,21.0,,0.21,0.0
2013-01-24,0,21.0,,0.21,0.0
2013-01-25,0,21.0,,0.21,0.0
2013-01-26,0,21.0,,0.21,0.0
2013-01-27,0,21.0,,0.21,0.0
2013-01-28,0,21.0,,0.21,0.0
2013-01-29,0,21.0,,0.21,0.0
2013-01-30,0,21.0,,0.21,0.0
2013-01-31,99,21.0,,0.21,20.79
2013-02-01,0,23.0,False,0.23,0.0
2013-02-02,62,23.0,,0.23,14.26
2013-02-03,0,23.0,,0.23,0.0
2013-02-04,0,23.0,,0.23,0.0
2013-02-05,0,23.0,,0.23,0.0
2013-02-06,100,23.0,,0.23,23.0
2013-02-07,0,23.0,,0.23,0.0
2013-02-08,0,23.0,,0.23,0.0
2013-02-09,0,23.0,,0.23,0.0
2013-02-10,0,23.0,,0.23,0.0
2013-02-11,0,23.0,,0.23,0.0
2013-02-12,50,23.0,,0.23,11.5
2013-02-13,0,23.0,,0.23,0.0
2013-02-14,0,23.0,,0.23,0.0
2013-02-15,0,23.0,,0.23,0.0
2013-02-16,0,23.0,,0.23,0.0
2013-02-17,0,23.0,,0.23,0.0
2013-02-18,0,23.0,,0.23,0.0
2013-02-19,0,23.0,,0.23,0.0
2013-02-20,0,23.0,,0.23,0.0
2013-02-21,0,23.0,,0.23,0.0
2013-02-22,0,23.0,,0.23,0.0
2013-02-23,0,23.0,,0.23,0.0
2013-02-24,0,23.0,,0.23,0.0
2013-02-25,0,23.0,,0.23,0.0
2013-02-26,0,23.0,,0.23,0.0
2013-02-27,0,23.0,,0.23,0.0
2013-02-28,0,23.0,,0.23,0.0
2013-03-01,0,29.0,False,0.29,0.0
2013-03-02,0,29.0,,0.29,0.0
2013-03-03,0,29.0,,0.29,0.0
2013-03-04,100,29.0,,0.29,28.999999999999996
2013-03-05,0,29.0,,0.29,0.0
2013-03-06,0,29.0,,0.29,0.0
2013-03-07,0,29.0,,0.29,0.0
2013-03-08,0,29.0,,0.29,0.0
2013-03-09,0,29.0,,0.29,0.0
2013-03-10,0,29.0,,0.29,0.0
2013-03-11,0,29.0,,0.29,0.0
2013-03-12,0,29.0,,0.29,0.0
2013-03-13,0,29.0,,0.29,0.0
2013-03-14,0,29.0,,0.29,0.0
2013-03-15,0,29.0,,0.29,0.0
2013-03-16,0,29.0,,0.29,0.0
2013-03-17,0,29.0,,0.29,0.0
2013-03-18,0,29.0,,0.29,0.0
2013-03-19,49,29.0,,0.29,14.209999999999999
2013-03-20,0,29.0,,0.29,0.0
2013-03-21,0,29.0,,0.29,0.0
2013-03-22,0,29.0,,0.29,0.0
2013-03-23,0,29.0,,0.29,0.0
2013-03-24,0,29.0,,0.29,0.0
2013-03-25,0,29.0,,0.29,0.0
2013-03-26,100,29.0,,0.29,28.999999999999996
2013-03-27,0,29.0,,0.29,0.0
2013-03-28,0,29.0,,0.29,0.0
2013-03-29,0,29.0,,0.29,0.0
2013-03-30,0,29.0,,0.29,0.0
2013-03-31,0,29.0,,0.29,0.0
2013-04-01,0,17.0,False,0.17,0.0
2013-04-02,0,17.0,,0.17,0.0
2013-04-03,0,17.0,,0.17,0.0
2013-04-04,0,17.0,,0.17,0.0
2013-04-05,0,17.0,,0.17,0.0
2013-04-06,0,17.0,,0.17,0.0
2013-04-07,0,17.0,,0.17,0.0
2013-04-08,50,17.0,,0.17,8.5
2013-04-09,0,17.0,,0.17,0.0
2013-04-10,50,17.0,,0.17,8.5
2013-04-11,0,17.0,,0.17,0.0
2013-04-12,0,17.0,,0.17,0.0
2013-04-13,0,17.0,,0.17,0.0
2013-04-14,62,17.0,,0.17,10.540000000000001
2013-04-15,49,17.0,,0.17,8.33
2013-04-16,0,17.0,,0.17,0.0
2013-04-17,0,17.0,,0.17,0.0
2013-04-18,100,17.0,,0.17,17.0
2013-04-19,0,17.0,,0.17,0.0
2013-04-20,0,17.0,,0.17,0.0
2013-04-21,0,17.0,,0.17,0.0
2013-04-22,0,17.0,,0.17,0.0
2013-04-23,0,17.0,,0.17,0.0
2013-04-24,0,17.0,,0.17,0.0
2013-04-25,0,17.0,,0.17,0.0
2013-04-26,53,17.0,,0.17,9.01
2013-04-27,0,17.0,,0.17,0.0
2013-04-28,0,17.0,,0.17,0.0
2013-04-29,0,17.0,,0.17,0.0
2013-04-30,0,17.0,,0.17,0.0
2013-05-01,0,8.0,False,0.08,0.0
2013-05-02,0,8.0,,0.08,0.0
2013-05-03,0,8.0,,0.08,0.0
2013-05-04,100,8.0,,0.08,8.0
2013-05-05,0,8.0,,0.08,0.0
2013-05-06,0,8.0,,0.08,0.0
2013-05-07,0,8.0,,0.08,0.0
2013-05-08,0,8.0,,0.08,0.0
2013-05-09,0,8.0,,0.08,0.0
2013-05-10,0,8.0,,0.08,0.0
2013-05-11,0,8.0,,0.08,0.0
2013-05-12,0,8.0,,0.08,0.0
2013-05-13,0,8.0,,0.08,0.0
2013-05-14,0,8.0,,0.08,0.0
2013-05-15,0,8.0,,0.08,0.0
2013-05-16,0,8.0,,0.08,0.0
2013-05-17,0,8.0,,0.08,0.0
2013-05-18,0,8.0,,0.08,0.0
2013-05-19,0,8.0,,0.08,0.0
2013-05-20,0,8.0,,0.08,0.0
2013-05-21,0,8.0,,0.08,0.0
2013-05-22,0,8.0,,0.08,0.0
2013-05-23,0,8.0,,0.08,0.0
2013-05-24,0,8.0,,0.08,0.0
2013-05-25,0,8.0,,0.08,0.0
2013-05-26,0,8.0,,0.08,0.0
2013-05-27,0,8.0,,0.08,0.0
2013-05-28,80,8.0,,0.08,6.4
2013-05-29,0,8.0,,0.08,0.0
2013-05-30,0,8.0,,0.08,0.0
2013-05-31,0,8.0,,0.08,0.0
2013-06-01,0,4.0,False,0.04,0.0
2013-06-02,0,4.0,,0.04,0.0
2013-06-03,0,4.0,,0.04,0.0
2013-06-04,0,4.0,,0.04,0.0
2013-06-05,0,4.0,,0.04,0.0
2013-06-06,0,4.0,,0.04,0.0
2013-06-07,0,4.0,,0.04,0.0
2013-06-08,0,4.0,,0.04,0.0
2013-06-09,0,4.0,,0.04,0.0
2013-06-10,0,4.0,,0.04,0.0
2013-06-11,0,4.0,,0.04,0.0
2013-06-12,0,4.0,,0.04,0.0
2013-06-13,0,4.0,,0.04,0.0
2013-06-14,0,4.0,,0.04,0.0
2013-06-15,0,4.0,,0.04,0.0
2013-06-16,0,4.0,,0.04,0.0
2013-06-17,100,4.0,,0.04,4.0
2013-06-18,0,4.0,,0.04,0.0
2013-06-19,0,4.0,,0.04,0.0
2013-06-20,0,4.0,,0.04,0.0
2013-06-21,0,4.0,,0.04,0.0
2013-06-22,0,4.0,,0.04,0.0
2013-06-23,0,4.0,,0.04,0.0
2013-06-24,0,4.0,,0.04,0.0
2013-06-25,0,4.0,,0.04,0.0
2013-06-26,100,4.0,,0.04,4.0
2013-06-27,0,4.0,,0.04,0.0
2013-06-28,0,4.0,,0.04,0.0
2013-06-29,0,4.0,,0.04,0.0
2013-06-30,0,4.0,,0.04,0.0
2013-07-01,0,13.0,False,0.13,0.0
2013-07-02,0,13.0,,0.13,0.0
2013-07-03,0,13.0,,0.13,0.0
2013-07-04,0,13.0,,0.13,0.0
2013-07-05,0,13.0,,0.13,0.0
2013-07-06,0,13.0,,0.13,0.0
2013-07-07,0,13.0,,0.13,0.0
2013-07-08,0,13.0,,0.13,0.0
2013-07-09,0,13.0,,0.13,0.0
2013-07-10,0,13.0,,0.13,0.0
2013-07-11,0,13.0,,0.13,0.0
2013-07-12,0,13.0,,0.13,0.0
2013-07-13,0,13.0,,0.13,0.0
2013-07-14,0,13.0,,0.13,0.0
2013-07-15,0,13.0,,0.13,0.0
2013-07-16,0,13.0,,0.13,0.0
2013-07-17,0,13.0,,0.13,0.0
2013-07-18,0,13.0,,0.13,0.0
2013-07-19,0,13.0,,0.13,0.0
2013-07-20,0,13.0,,0.13,0.0
2013-07-21,0,13.0,,0.13,0.0
2013-07-22,0,13.0,,0.13,0.0
2013-07-23,0,13.0,,0.13,0.0
2013-07-24,0,13.0,,0.13,0.0
2013-07-25,0,13.0,,0.13,0.0
2013-07-26,0,13.0,,0.13,0.0
2013-07-27,0,13.0,,0.13,0.0
2013-07-28,0,13.0,,0.13,0.0
2013-07-29,100,13.0,,0.13,13.0
2013-07-30,0,13.0,,0.13,0.0
2013-07-31,0,13.0,,0.13,0.0
2013-08-01,0,12.0,False,0.12,0.0
2013-08-02,0,12.0,,0.12,0.0
2013-08-03,0,12.0,,0.12,0.0
2013-08-04,0,12.0,,0.12,0.0
2013-08-05,0,12.0,,0.12,0.0
2013-08-06,0,12.0,,0.12,0.0
2013-08-07,0,12.0,,0.12,0.0
2013-08-08,0,12.0,,0.12,0.0
2013-08-09,0,12.0,,0.12,0.0
2013-08-10,0,12.0,,0.12,0.0
2013-08-11,0,12.0,,0.12,0.0
2013-08-12,0,12.0,,0.12,0.0
2013-08-13,0,12.0,,0.12,0.0
2013-08-14,0,12.0,,0.12,0.0
2013-08-15,0,12.0,,0.12,0.0
2013-08-16,0,12.0,,0.12,0.0
2013-08-17,0,12.0,,0.12,0.0
2013-08-18,0,12.0,,0.12,0.0
2013-08-19,100,12.0,,0.12,12.0
2013-08-20,0,12.0,,0.12,0.0
2013-08-21,0,12.0,,0.12,0.0
2013-08-22,0,12.0,,0.12,0.0
2013-08-23,0,12.0,,0.12,0.0
2013-08-24,0,12.0,,0.12,0.0
2013-08-25,0,12.0,,0.12,0.0
2013-08-26,0,12.0,,0.12,0.0
2013-08-27,96,12.0,,0.12,11.52
2013-08-28,0,12.0,,0.12,0.0
2013-08-29,100,12.0,,0.12,12.0
2013-08-30,0,12.0,,0.12,0.0
2013-08-31,0,12.0,,0.12,0.0
2013-09-01,0,8.0,False,0.08,0.0
2013-09-02,0,8.0,,0.08,0.0
2013-09-03,0,8.0,,0.08,0.0
2013-09-04,99,8.0,,0.08,7.92
2013-09-05,0,8.0,,0.08,0.0
2013-09-06,0,8.0,,0.08,0.0
2013-09-07,0,8.0,,0.08,0.0
2013-09-08,0,8.0,,0.08,0.0
2013-09-09,0,8.0,,0.08,0.0
2013-09-10,0,8.0,,0.08,0.0
2013-09-11,0,8.0,,0.08,0.0
2013-09-12,0,8.0,,0.08,0.0
2013-09-13,0,8.0,,0.08,0.0
2013-09-14,0,8.0,,0.08,0.0
2013-09-15,0,8.0,,0.08,0.0
2013-09-16,0,8.0,,0.08,0.0
2013-09-17,0,8.0,,0.08,0.0
2013-09-18,0,8.0,,0.08,0.0
2013-09-19,0,8.0,,0.08,0.0
2013-09-20,0,8.0,,0.08,0.0
2013-09-21,0,8.0,,0.08,0.0
2013-09-22,0,8.0,,0.08,0.0
2013-09-23,100,8.0,,0.08,8.0
2013-09-24,99,8.0,,0.08,7.92
2013-09-25,0,8.0,,0.08,0.0
2013-09-26,0,8.0,,0.08,0.0
2013-09-27,0,8.0,,0.08,0.0
2013-09-28,0,8.0,,0.08,0.0
2013-09-29,0,8.0,,0.08,0.0
2013-09-30,0,8.0,,0.08,0.0
2013-10-01,0,16.0,False,0.16,0.0
2013-10-02,0,16.0,,0.16,0.0
2013-10-03,0,16.0,,0.16,0.0
2013-10-04,0,16.0,,0.16,0.0
2013-10-05,0,16.0,,0.16,0.0
2013-10-06,0,16.0,,0.16,0.0
2013-10-07,95,16.0,,0.16,15.200000000000001
2013-10-08,0,16.0,,0.16,0.0
2013-10-09,0,16.0,,0.16,0.0
2013-10-10,96,16.0,,0.16,15.36
2013-10-11,0,16.0,,0.16,0.0
2013-10-12,0,16.0,,0.16,0.0
2013-10-13,0,16.0,,0.16,0.0
2013-10-14,0,16.0,,0.16,0.0
2013-10-15,0,16.0,,0.16,0.0
2013-10-16,0,16.0,,0.16,0.0
2013-10-17,0,16.0,,0.16,0.0
2013-10-18,0,16.0,,0.16,0.0
2013-10-19,0,16.0,,0.16,0.0
2013-10-20,0,16.0,,0.16,0.0
2013-10-21,0,16.0,,0.16,0.0
2013-10-22,0,16.0,,0.16,0.0
2013-10-23,0,16.0,,0.16,0.0
2013-10-24,95,16.0,,0.16,15.200000000000001
2013-10-25,100,16.0,,0.16,16.0
2013-10-26,0,16.0,,0.16,0.0
2013-10-27,0,16.0,,0.16,0.0
2013-10-28,0,16.0,,0.16,0.0
2013-10-29,0,16.0,,0.16,0.0
2013-10-30,0,16.0,,0.16,0.0
2013-10-31,0,16.0,,0.16,0.0
2013-11-01,0,21.0,False,0.21,0.0
2013-11-02,0,21.0,,0.21,0.0
2013-11-03,0,21.0,,0.21,0.0
2013-11-04,0,21.0,,0.21,0.0
2013-11-05,0,21.0,,0.21,0.0
2013-11-06,0,21.0,,0.21,0.0
2013-11-07,0,21.0,,0.21,0.0
2013-11-08,0,21.0,,0.21,0.0
2013-11-09,100,21.0,,0.21,21.0
2013-11-10,99,21.0,,0.21,20.79
2013-11-11,0,21.0,,0.21,0.0
2013-11-12,0,21.0,,0.21,0.0
2013-11-13,80,21.0,,0.21,16.8
2013-11-14,0,21.0,,0.21,0.0
2013-11-15,0,21.0,,0.21,0.0
2013-11-16,0,21.0,,0.21,0.0
2013-11-17,0,21.0,,0.21,0.0
2013-11-18,0,21.0,,0.21,0.0
2013-11-19,79,21.0,,0.21,16.59
2013-11-20,0,21.0,,0.21,0.0
2013-11-21,0,21.0,,0.21,0.0
2013-11-22,0,21.0,,0.21,0.0
2013-11-23,0,21.0,,0.21,0.0
2013-11-24,0,21.0,,0.21,0.0
2013-11-25,0,21.0,,0.21,0.0
2013-11-26,0,21.0,,0.21,0.0
2013-11-27,0,21.0,,0.21,0.0
2013-11-28,0,21.0,,0.21,0.0
2013-11-29,0,21.0,,0.21,0.0
2013-11-30,0,21.0,,0.21,0.0
2013-12-01,0,12.0,False,0.12,0.0
2013-12-02,0,12.0,,0.12,0.0
2013-12-03,0,12.0,,0.12,0.0
2013-12-04,100,12.0,,0.12,12.0
2013-12-05,49,12.0,,0.12,5.88
2013-12-06,0,12.0,,0.12,0.0
2013-12-07,0,12.0,,0.12,0.0
2013-12-08,0,12.0,,0.12,0.0
2013-12-09,0,12.0,,0.12,0.0
2013-12-10,0,12.0,,0.12,0.0
2013-12-11,0,12.0,,0.12,0.0
2013-12-12,0,12.0,,0.12,0.0
2013-12-13,0,12.0,,0.12,0.0
2013-12-14,0,12.0,,0.12,0.0
2013-12-15,0,12.0,,0.12,0.0
2013-12-16,0,12.0,,0.12,0.0
2013-12-17,0,12.0,,0.12,0.0
2013-12-18,0,12.0,,0.12,0.0
2013-12-19,0,12.0,,0.12,0.0
2013-12-20,0,12.0,,0.12,0.0
2013-12-21,0,12.0,,0.12,0.0
2013-12-22,0,12.0,,0.12,0.0
2013-12-23,0,12.0,,0.12,0.0
2013-12-24,0,12.0,,0.12,0.0
2013-12-25,0,12.0,,0.12,0.0
2013-12-26,0,12.0,,0.12,0.0
2013-12-27,0,12.0,,0.12,0.0
2013-12-28,0,12.0,,0.12,0.0
2013-12-29,0,12.0,,0.12,0.0
2013-12-30,0,12.0,,0.12,0.0
2013-12-31,0,12.0,,0.12,0.0
2014-01-01,0,8.0,False,0.08,0.0
2014-01-02,0,8.0,,0.08,0.0
2014-01-03,0,8.0,,0.08,0.0
2014-01-04,0,8.0,,0.08,0.0
2014-01-05,0,8.0,,0.08,0.0
2014-01-06,0,8.0,,0.08,0.0
2014-01-07,0,8.0,,0.08,0.0
2014-01-08,0,8.0,,0.08,0.0
2014-01-09,0,8.0,,0.08,0.0
2014-01-10,0,8.0,,0.08,0.0
2014-01-11,0,8.0,,0.08,0.0
2014-01-12,0,8.0,,0.08,0.0
2014-01-13,0,8.0,,0.08,0.0
2014-01-14,0,8.0,,0.08,0.0
2014-01-15,0,8.0,,0.08,0.0
2014-01-16,0,8.0,,0.08,0.0
2014-01-17,0,8.0,,0.08,0.0
2014-01-18,0,8.0,,0.08,0.0
2014-01-19,0,8.0,,0.08,0.0
2014-01-20,0,8.0,,0.08,0.0
2014-01-21,0,8.0,,0.08,0.0
2014-01-22,0,8.0,,0.08,0.0
2014-01-23,0,8.0,,0.08,0.0
2014-01-24,0,8.0,,0.08,0.0
2014-01-25,0,8.0,,0.08,0.0
2014-01-26,0,8.0,,0.08,0.0
2014-01-27,0,8.0,,0.08,0.0
2014-01-28,0,8.0,,0.08,0.0
2014-01-29,100,8.0,,0.08,8.0
2014-01-30,0,8.0,,0.08,0.0
2014-01-31,52,8.0,,0.08,4.16
2014-02-01,0,13.0,False,0.13,0.0
2014-02-02,0,13.0,,0.13,0.0
2014-02-03,0,13.0,,0.13,0.0
2014-02-04,0,13.0,,0.13,0.0
2014-02-05,80,13.0,,0.13,10.4
2014-02-06,0,13.0,,0.13,0.0
2014-02-07,0,13.0,,0.13,0.0
2014-02-08,0,13.0,,0.13,0.0
2014-02-09,0,13.0,,0.13,0.0
2014-02-10,0,13.0,,0.13,0.0
2014-02-11,0,13.0,,0.13,0.0
2014-02-12,0,13.0,,0.13,0.0
2014-02-13,0,13.0,,0.13,0.0
2014-02-14,0,13.0,,0.13,0.0
2014-02-15,0,13.0,,0.13,0.0
2014-02-16,0,13.0,,0.13,0.0
2014-02-17,0,13.0,,0.13,0.0
2014-02-18,0,13.0,,0.13,0.0
2014-02-19,0,13.0,,0.13,0.0
2014-02-20,0,13.0,,0.13,0.0
2014-02-21,0,13.0,,0.13,0.0
2014-02-22,100,13.0,,0.13,13.0
2014-02-23,0,13.0,,0.13,0.0
2014-02-24,77,13.0,,0.13,10.01
2014-02-25,0,13.0,,0.13,0.0
2014-02-26,0,13.0,,0.13,0.0
2014-02-27,0,13.0,,0.13,0.0
2014-02-28,82,13.0,,0.13,10.66
2014-03-01,0,23.0,False,0.23,0.0
2014-03-02,0,23.0,,0.23,0.0
2014-03-03,47,23.0,,0.23,10.81
2014-03-04,48,23.0,,0.23,11.040000000000001
2014-03-05,0,23.0,,0.23,0.0
2014-03-06,0,23.0,,0.23,0.0
2014-03-07,51,23.0,,0.23,11.73
2014-03-08,62,23.0,,0.23,14.26
2014-03-09,0,23.0,,0.23,0.0
2014-03-10,0,23.0,,0.23,0.0
2014-03-11,0,23.0,,0.23,0.0
2014-03-12,0,23.0,,0.23,0.0
2014-03-13,100,23.0,,0.23,23.0
2014-03-14,0,23.0,,0.23,0.0
2014-03-15,63,23.0,,0.23,14.49
2014-03-16,0,23.0,,0.23,0.0
2014-03-17,0,23.0,,0.23,0.0
2014-03-18,0,23.0,,0.23,0.0
2014-03-19,0,23.0,,0.23,0.0
2014-03-20,0,23.0,,0.23,0.0
2014-03-21,0,23.0,,0.23,0.0
2014-03-22,0,23.0,,0.23,0.0
2014-03-23,0,23.0,,0.23,0.0
2014-03-24,0,23.0,,0.23,0.0
2014-03-25,0,23.0,,0.23,0.0
2014-03-26,0,23.0,,0.23,0.0
2014-03-27,50,23.0,,0.23,11.5
2014-03-28,0,23.0,,0.23,0.0
2014-03-29,0,23.0,,0.23,0.0
2014-03-30,0,23.0,,0.23,0.0
2014-03-31,0,23.0,,0.23,0.0
2014-04-01,0,16.0,False,0.16,0.0
2014-04-02,0,16.0,,0.16,0.0
2014-04-03,0,16.0,,0.16,0.0
2014-04-04,100,16.0,,0.16,16.0
2014-04-05,0,16.0,,0.16,0.0
2014-04-06,0,16.0,,0.16,0.0
2014-04-07,0,16.0,,0.16,0.0
2014-04-08,0,16.0,,0.16,0.0
2014-04-09,0,16.0,,0.16,0.0
2014-04-10,0,16.0,,0.16,0.0
2014-04-11,0,16.0,,0.16,0.0
2014-04-12,0,16.0,,0.16,0.0
2014-04-13,0,16.0,,0.16,0.0
2014-04-14,0,16.0,,0.16,0.0
2014-04-15,93,16.0,,0.16,14.88
2014-04-16,0,16.0,,0.16,0.0
2014-04-17,0,16.0,,0.16,0.0
2014-04-18,0,16.0,,0.16,0.0
2014-04-19,0,16.0,,0.16,0.0
2014-04-20,0,16.0,,0.16,0.0
2014-04-21,0,16.0,,0.16,0.0
2014-04-22,0,16.0,,0.16,0.0
2014-04-23,97,16.0,,0.16,15.52
2014-04-24,0,16.0,,0.16,0.0
2014-04-25,0,16.0,,0.16,0.0
2014-04-26,0,16.0,,0.16,0.0
2014-04-27,0,16.0,,0.16,0.0
2014-04-28,0,16.0,,0.16,0.0
2014-04-29,0,16.0,,0.16,0.0
2014-04-30,0,16.0,,0.16,0.0
2014-05-01,0,13.0,False,0.13,0.0
2014-05-02,0,13.0,,0.13,0.0
2014-05-03,86,13.0,,0.13,11.18
2014-05-04,0,13.0,,0.13,0.0
2014-05-05,0,13.0,,0.13,0.0
2014-05-06,66,13.0,,0.13,8.58
2014-05-07,0,13.0,,0.13,0.0
2014-05-08,68,13.0,,0.13,8.84
2014-05-09,0,13.0,,0.13,0.0
2014-05-10,0,13.0,,0.13,0.0
2014-05-11,0,13.0,,0.13,0.0
2014-05-12,0,13.0,,0.13,0.0
2014-05-13,0,13.0,,0.13,0.0
2014-05-14,0,13.0,,0.13,0.0
2014-05-15,0,13.0,,0.13,0.0
2014-05-16,0,13.0,,0.13,0.0
2014-05-17,0,13.0,,0.13,0.0
2014-05-18,0,13.0,,0.13,0.0
2014-05-19,67,13.0,,0.13,8.71
2014-05-20,0,13.0,,0.13,0.0
2014-05-21,0,13.0,,0.13,0.0
2014-05-22,0,13.0,,0.13,0.0
2014-05-23,0,13.0,,0.13,0.0
2014-05-24,0,13.0,,0.13,0.0
2014-05-25,0,13.0,,0.13,0.0
2014-05-26,0,13.0,,0.13,0.0
2014-05-27,0,13.0,,0.13,0.0
2014-05-28,0,13.0,,0.13,0.0
2014-05-29,0,13.0,,0.13,0.0
2014-05-30,0,13.0,,0.13,0.0
2014-05-31,100,13.0,,0.13,13.0
2014-06-01,0,0.0,False,0.0,0.0
2014-06-02,0,0.0,,0.0,0.0
2014-06-03,0,0.0,,0.0,0.0
2014-06-04,0,0.0,,0.0,0.0
2014-06-05,100,0.0,,0.0,0.0
2014-06-06,0,0.0,,0.0,0.0
2014-06-07,0,0.0,,0.0,0.0
2014-06-08,0,0.0,,0.0,0.0
2014-06-09,0,0.0,,0.0,0.0
2014-06-10,0,0.0,,0.0,0.0
2014-06-11,0,0.0,,0.0,0.0
2014-06-12,0,0.0,,0.0,0.0
2014-06-13,0,0.0,,0.0,0.0
2014-06-14,0,0.0,,0.0,0.0
2014-06-15,0,0.0,,0.0,0.0
2014-06-16,0,0.0,,0.0,0.0
2014-06-17,0,0.0,,0.0,0.0
2014-06-18,0,0.0,,0.0,0.0
2014-06-19,0,0.0,,0.0,0.0
2014-06-20,0,0.0,,0.0,0.0
2014-06-21,0,0.0,,0.0,0.0
2014-06-22,0,0.0,,0.0,0.0
2014-06-23,0,0.0,,0.0,0.0
2014-06-24,0,0.0,,0.0,0.0
2014-06-25,0,0.0,,0.0,0.0
2014-06-26,0,0.0,,0.0,0.0
2014-06-27,0,0.0,,0.0,0.0
2014-06-28,0,0.0,,0.0,0.0
2014-06-29,0,0.0,,0.0,0.0
2014-06-30,0,0.0,,0.0,0.0
2014-07-01,0,9.0,False,0.09,0.0
2014-07-02,0,9.0,,0.09,0.0
2014-07-03,0,9.0,,0.09,0.0
2014-07-04,0,9.0,,0.09,0.0
2014-07-05,0,9.0,,0.09,0.0
2014-07-06,0,9.0,,0.09,0.0
2014-07-07,0,9.0,,0.09,0.0
2014-07-08,0,9.0,,0.09,0.0
2014-07-09,0,9.0,,0.09,0.0
2014-07-10,81,9.0,,0.09,7.29
2014-07-11,0,9.0,,0.09,0.0
2014-07-12,0,9.0,,0.09,0.0
2014-07-13,100,9.0,,0.09,9.0
2014-07-14,0,9.0,,0.09,0.0
2014-07-15,0,9.0,,0.09,0.0
2014-07-16,0,9.0,,0.09,0.0
2014-07-17,0,9.0,,0.09,0.0
2014-07-18,0,9.0,,0.09,0.0
2014-07-19,0,9.0,,0.09,0.0
2014-07-20,0,9.0,,0.09,0.0
2014-07-21,80,9.0,,0.09,7.199999999999999
2014-07-22,0,9.0,,0.09,0.0
2014-07-23,0,9.0,,0.09,0.0
2014-07-24,0,9.0,,0.09,0.0
2014-07-25,0,9.0,,0.09,0.0
2014-07-26,0,9.0,,0.09,0.0
2014-07-27,0,9.0,,0.09,0.0
2014-07-28,0,9.0,,0.09,0.0
2014-07-29,0,9.0,,0.09,0.0
2014-07-30,0,9.0,,0.09,0.0
2014-07-31,0,9.0,,0.09,0.0
2014-08-01,0,27.0,False,0.27,0.0
2014-08-02,100,27.0,,0.27,27.0
2014-08-03,0,27.0,,0.27,0.0
2014-08-04,80,27.0,,0.27,21.6
2014-08-05,0,27.0,,0.27,0.0
2014-08-06,0,27.0,,0.27,0.0
2014-08-07,0,27.0,,0.27,0.0
2014-08-08,0,27.0,,0.27,0.0
2014-08-09,0,27.0,,0.27,0.0
2014-08-10,0,27.0,,0.27,0.0
2014-08-11,0,27.0,,0.27,0.0
2014-08-12,0,27.0,,0.27,0.0
2014-08-13,79,27.0,,0.27,21.330000000000002
2014-08-14,0,27.0,,0.27,0.0
2014-08-15,0,27.0,,0.27,0.0
2014-08-16,0,27.0,,0.27,0.0
2014-08-17,0,27.0,,0.27,0.0
2014-08-18,0,27.0,,0.27,0.0
2014-08-19,0,27.0,,0.27,0.0
2014-08-20,79,27.0,,0.27,21.330000000000002
2014-08-21,0,27.0,,0.27,0.0
2014-08-22,0,27.0,,0.27,0.0
2014-08-23,0,27.0,,0.27,0.0
2014-08-24,0,27.0,,0.27,0.0
2014-08-25,0,27.0,,0.27,0.0
2014-08-26,0,27.0,,0.27,0.0
2014-08-27,0,27.0,,0.27,0.0
2014-08-28,78,27.0,,0.27,21.060000000000002
2014-08-29,81,27.0,,0.27,21.87
2014-08-30,0,27.0,,0.27,0.0
2014-08-31,0,27.0,,0.27,0.0
2014-09-01,0,13.0,False,0.13,0.0
2014-09-02,0,13.0,,0.13,0.0
2014-09-03,0,13.0,,0.13,0.0
2014-09-04,0,13.0,,0.13,0.0
2014-09-05,0,13.0,,0.13,0.0
2014-09-06,0,13.0,,0.13,0.0
2014-09-07,0,13.0,,0.13,0.0
2014-09-08,0,13.0,,0.13,0.0
2014-09-09,0,13.0,,0.13,0.0
2014-09-10,0,13.0,,0.13,0.0
2014-09-11,0,13.0,,0.13,0.0
2014-09-12,0,13.0,,0.13,0.0
2014-09-13,0,13.0,,0.13,0.0
2014-09-14,0,13.0,,0.13,0.0
2014-09-15,0,13.0,,0.13,0.0
2014-09-16,50,13.0,,0.13,6.5
2014-09-17,0,13.0,,0.13,0.0
2014-09-18,0,13.0,,0.13,0.0
2014-09-19,53,13.0,,0.13,6.890000000000001
2014-09-20,0,13.0,,0.13,0.0
2014-09-21,0,13.0,,0.13,0.0
2014-09-22,51,13.0,,0.13,6.63
2014-09-23,0,13.0,,0.13,0.0
2014-09-24,0,13.0,,0.13,0.0
2014-09-25,0,13.0,,0.13,0.0
2014-09-26,0,13.0,,0.13,0.0
2014-09-27,0,13.0,,0.13,0.0
2014-09-28,0,13.0,,0.13,0.0
2014-09-29,100,13.0,,0.13,13.0
2014-09-30,0,13.0,,0.13,0.0
2014-10-01,0,21.0,False,0.21,0.0
2014-10-02,0,21.0,,0.21,0.0
2014-10-03,97,21.0,,0.21,20.37
2014-10-04,0,21.0,,0.21,0.0
2014-10-05,0,21.0,,0.21,0.0
2014-10-06,0,21.0,,0.21,0.0
2014-10-07,0,21.0,,0.21,0.0
2014-10-08,0,21.0,,0.21,0.0
2014-10-09,0,21.0,,0.21,0.0
2014-10-10,0,21.0,,0.21,0.0
2014-10-11,0,21.0,,0.21,0.0
2014-10-12,0,21.0,,0.21,0.0
2014-10-13,0,21.0,,0.21,0.0
2014-10-14,91,21.0,,0.21,19.11
2014-10-15,0,21.0,,0.21,0.0
2014-10-16,0,21.0,,0.21,0.0
2014-10-17,97,21.0,,0.21,20.37
2014-10-18,0,21.0,,0.21,0.0
2014-10-19,0,21.0,,0.21,0.0
2014-10-20,0,21.0,,0.21,0.0
2014-10-21,0,21.0,,0.21,0.0
2014-10-22,0,21.0,,0.21,0.0
2014-10-23,0,21.0,,0.21,0.0
2014-10-24,0,21.0,,0.21,0.0
2014-10-25,0,21.0,,0.21,0.0
2014-10-26,0,21.0,,0.21,0.0
2014-10-27,0,21.0,,0.21,0.0
2014-10-28,0,21.0,,0.21,0.0
2014-10-29,0,21.0,,0.21,0.0
2014-10-30,94,21.0,,0.21,19.74
2014-10-31,100,21.0,,0.21,21.0
2014-11-01,0,22.0,False,0.22,0.0
2014-11-02,100,22.0,,0.22,22.0
2014-11-03,0,22.0,,0.22,0.0
2014-11-04,0,22.0,,0.22,0.0
2014-11-05,0,22.0,,0.22,0.0
2014-11-06,0,22.0,,0.22,0.0
2014-11-07,81,22.0,,0.22,17.82
2014-11-08,0,22.0,,0.22,0.0
2014-11-09,0,22.0,,0.22,0.0
2014-11-10,78,22.0,,0.22,17.16
2014-11-11,0,22.0,,0.22,0.0
2014-11-12,0,22.0,,0.22,0.0
2014-11-13,0,22.0,,0.22,0.0
2014-11-14,80,22.0,,0.22,17.6
2014-11-15,0,22.0,,0.22,0.0
2014-11-16,0,22.0,,0.22,0.0
2014-11-17,0,22.0,,0.22,0.0
2014-11-18,0,22.0,,0.22,0.0
2014-11-19,0,22.0,,0.22,0.0
2014-11-20,78,22.0,,0.22,17.16
2014-11-21,0,22.0,,0.22,0.0
2014-11-22,0,22.0,,0.22,0.0
2014-11-23,0,22.0,,0.22,0.0
2014-11-24,77,22.0,,0.22,16.94
2014-11-25,0,22.0,,0.22,0.0
2014-11-26,0,22.0,,0.22,0.0
2014-11-27,0,22.0,,0.22,0.0
2014-11-28,0,22.0,,0.22,0.0
2014-11-29,0,22.0,,0.22,0.0
2014-11-30,0,22.0,,0.22,0.0
2014-12-01,0,9.0,False,0.09,0.0
2014-12-02,69,9.0,,0.09,6.21
2014-12-03,0,9.0,,0.09,0.0
2014-12-04,0,9.0,,0.09,0.0
2014-12-05,0,9.0,,0.09,0.0
2014-12-06,0,9.0,,0.09,0.0
2014-12-07,0,9.0,,0.09,0.0
2014-12-08,0,9.0,,0.09,0.0
2014-12-09,0,9.0,,0.09,0.0
2014-12-10,0,9.0,,0.09,0.0
2014-12-11,73,9.0,,0.09,6.569999999999999
2014-12-12,0,9.0,,0.09,0.0
2014-12-13,0,9.0,,0.09,0.0
2014-12-14,0,9.0,,0.09,0.0
2014-12-15,0,9.0,,0.09,0.0
2014-12-16,0,9.0,,0.09,0.0
2014-12-17,0,9.0,,0.09,0.0
2014-12-18,0,9.0,,0.09,0.0
2014-12-19,0,9.0,,0.09,0.0
2014-12-20,0,9.0,,0.09,0.0
2014-12-21,100,9.0,,0.09,9.0
2014-12-22,0,9.0,,0.09,0.0
2014-12-23,0,9.0,,0.09,0.0
2014-12-24,0,9.0,,0.09,0.0
2014-12-25,0,9.0,,0.09,0.0
2014-12-26,0,9.0,,0.09,0.0
2014-12-27,0,9.0,,0.09,0.0
2014-12-28,0,9.0,,0.09,0.0
2014-12-29,0,9.0,,0.09,0.0
2014-12-30,0,9.0,,0.09,0.0
2014-12-31,0,9.0,,0.09,0.0
2015-01-01,0,29.0,False,0.29,0.0
2015-01-02,0,29.0,,0.29,0.0
2015-01-03,0,29.0,,0.29,0.0
2015-01-04,0,29.0,,0.29,0.0
2015-01-05,0,29.0,,0.29,0.0
2015-01-06,0,29.0,,0.29,0.0
2015-01-07,0,29.0,,0.29,0.0
2015-01-08,0,29.0,,0.29,0.0
2015-01-09,100,29.0,,0.29,28.999999999999996
2015-01-10,0,29.0,,0.29,0.0
2015-01-11,0,29.0,,0.29,0.0
2015-01-12,0,29.0,,0.29,0.0
2015-01-13,0,29.0,,0.29,0.0
2015-01-14,0,29.0,,0.29,0.0
2015-01-15,0,29.0,,0.29,0.0
2015-01-16,98,29.0,,0.29,28.419999999999998
2015-01-17,0,29.0,,0.29,0.0
2015-01-18,0,29.0,,0.29,0.0
2015-01-19,0,29.0,,0.29,0.0
2015-01-20,0,29.0,,0.29,0.0
2015-01-21,0,29.0,,0.29,0.0
2015-01-22,95,29.0,,0.29,27.549999999999997
2015-01-23,0,29.0,,0.29,0.0
2015-01-24,0,29.0,,0.29,0.0
2015-01-25,0,29.0,,0.29,0.0
2015-01-26,0,29.0,,0.29,0.0
2015-01-27,93,29.0,,0.29,26.97
2015-01-28,94,29.0,,0.29,27.259999999999998
2015-01-29,0,29.0,,0.29,0.0
2015-01-30,0,29.0,,0.29,0.0
2015-01-31,0,29.0,,0.29,0.0
2015-02-01,0,18.0,False,0.18,0.0
2015-02-02,0,18.0,,0.18,0.0
2015-02-03,0,18.0,,0.18,0.0
2015-02-04,0,18.0,,0.18,0.0
2015-02-05,0,18.0,,0.18,0.0
2015-02-06,0,18.0,,0.18,0.0
2015-02-07,0,18.0,,0.18,0.0
2015-02-08,0,18.0,,0.18,0.0
2015-02-09,0,18.0,,0.18,0.0
2015-02-10,0,18.0,,0.18,0.0
2015-02-11,0,18.0,,0.18,0.0
2015-02-12,0,18.0,,0.18,0.0
2015-02-13,85,18.0,,0.18,15.299999999999999
2015-02-14,0,18.0,,0.18,0.0
2015-02-15,0,18.0,,0.18,0.0
2015-02-16,0,18.0,,0.18,0.0
2015-02-17,0,18.0,,0.18,0.0
2015-02-18,0,18.0,,0.18,0.0
2015-02-19,0,18.0,,0.18,0.0
2015-02-20,0,18.0,,0.18,0.0
2015-02-21,0,18.0,,0.18,0.0
2015-02-22,100,18.0,,0.18,18.0
2015-02-23,0,18.0,,0.18,0.0
2015-02-24,0,18.0,,0.18,0.0
2015-02-25,0,18.0,,0.18,0.0
2015-02-26,0,18.0,,0.18,0.0
2015-02-27,0,18.0,,0.18,0.0
2015-02-28,98,18.0,,0.18,17.64
2015-03-01,0,17.0,False,0.17,0.0
2015-03-02,0,17.0,,0.17,0.0
2015-03-03,76,17.0,,0.17,12.920000000000002
2015-03-04,0,17.0,,0.17,0.0
2015-03-05,77,17.0,,0.17,13.090000000000002
2015-03-06,0,17.0,,0.17,0.0
2015-03-07,0,17.0,,0.17,0.0
2015-03-08,0,17.0,,0.17,0.0
2015-03-09,79,17.0,,0.17,13.430000000000001
2015-03-10,0,17.0,,0.17,0.0
2015-03-11,0,17.0,,0.17,0.0
2015-03-12,0,17.0,,0.17,0.0
2015-03-13,0,17.0,,0.17,0.0
2015-03-14,0,17.0,,0.17,0.0
2015-03-15,0,17.0,,0.17,0.0
2015-03-16,0,17.0,,0.17,0.0
2015-03-17,80,17.0,,0.17,13.600000000000001
2015-03-18,0,17.0,,0.17,0.0
2015-03-19,0,17.0,,0.17,0.0
2015-03-20,0,17.0,,0.17,0.0
2015-03-21,0,17.0,,0.17,0.0
2015-03-22,100,17.0,,0.17,17.0
2015-03-23,0,17.0,,0.17,0.0
2015-03-24,0,17.0,,0.17,0.0
2015-03-25,0,17.0,,0.17,0.0
2015-03-26,0,17.0,,0.17,0.0
2015-03-27,0,17.0,,0.17,0.0
2015-03-28,0,17.0,,0.17,0.0
2015-03-29,0,17.0,,0.17,0.0
2015-03-30,0,17.0,,0.17,0.0
2015-03-31,0,17.0,,0.17,0.0
2015-04-01,0,51.0,False,0.51,0.0
2015-04-02,80,51.0,,0.51,40.8
2015-04-03,0,51.0,,0.51,0.0
2015-04-04,100,51.0,,0.51,51.0
2015-04-05,0,51.0,,0.51,0.0
2015-04-06,0,51.0,,0.51,0.0
2015-04-07,76,51.0,,0.51,38.76
2015-04-08,76,51.0,,0.51,38.76
2015-04-09,77,51.0,,0.51,39.27
2015-04-10,0,51.0,,0.51,0.0
2015-04-11,0,51.0,,0.51,0.0
2015-04-12,0,51.0,,0.51,0.0
2015-04-13,0,51.0,,0.51,0.0
2015-04-14,0,51.0,,0.51,0.0
2015-04-15,76,51.0,,0.51,38.76
2015-04-16,0,51.0,,0.51,0.0
2015-04-17,0,51.0,,0.51,0.0
2015-04-18,0,51.0,,0.51,0.0
2015-04-19,0,51.0,,0.51,0.0
2015-04-20,0,51.0,,0.51,0.0
2015-04-21,76,51.0,,0.51,38.76
2015-04-22,0,51.0,,0.51,0.0
2015-04-23,0,51.0,,0.51,0.0
2015-04-24,82,51.0,,0.51,41.82
2015-04-25,98,51.0,,0.51,49.980000000000004
2015-04-26,0,51.0,,0.51,0.0
2015-04-27,77,51.0,,0.51,39.27
2015-04-28,0,51.0,,0.51,0.0
2015-04-29,0,51.0,,0.51,0.0
2015-04-30,0,51.0,,0.51,0.0
2015-05-01,0,13.0,False,0.13,0.0
2015-05-02,0,13.0,,0.13,0.0
2015-05-03,0,13.0,,0.13,0.0
2015-05-04,0,13.0,,0.13,0.0
2015-05-05,0,13.0,,0.13,0.0
2015-05-06,0,13.0,,0.13,0.0
2015-05-07,0,13.0,,0.13,0.0
2015-05-08,0,13.0,,0.13,0.0
2015-05-09,100,13.0,,0.13,13.0
2015-05-10,0,13.0,,0.13,0.0
2015-05-11,0,13.0,,0.13,0.0
2015-05-12,0,13.0,,0.13,0.0
2015-05-13,0,13.0,,0.13,0.0
2015-05-14,0,13.0,,0.13,0.0
2015-05-15,0,13.0,,0.13,0.0
2015-05-16,0,13.0,,0.13,0.0
2015-05-17,0,13.0,,0.13,0.0
2015-05-18,0,13.0,,0.13,0.0
2015-05-19,0,13.0,,0.13,0.0
2015-05-20,76,13.0,,0.13,9.88
2015-05-21,0,13.0,,0.13,0.0
2015-05-22,0,13.0,,0.13,0.0
2015-05-23,0,13.0,,0.13,0.0
2015-05-24,0,13.0,,0.13,0.0
2015-05-25,97,13.0,,0.13,12.610000000000001
2015-05-26,0,13.0,,0.13,0.0
2015-05-27,0,13.0,,0.13,0.0
2015-05-28,0,13.0,,0.13,0.0
2015-05-29,80,13.0,,0.13,10.4
2015-05-30,0,13.0,,0.13,0.0
2015-05-31,0,13.0,,0.13,0.0
2015-06-01,0,9.0,False,0.09,0.0
2015-06-02,95,9.0,,0.09,8.549999999999999
2015-06-03,0,9.0,,0.09,0.0
2015-06-04,0,9.0,,0.09,0.0
2015-06-05,0,9.0,,0.09,0.0
2015-06-06,0,9.0,,0.09,0.0
2015-06-07,0,9.0,,0.09,0.0
2015-06-08,0,9.0,,0.09,0.0
2015-06-09,0,9.0,,0.09,0.0
2015-06-10,100,9.0,,0.09,9.0
2015-06-11,0,9.0,,0.09,0.0
2015-06-12,0,9.0,,0.09,0.0
2015-06-13,0,9.0,,0.09,0.0
2015-06-14,0,9.0,,0.09,0.0
2015-06-15,99,9.0,,0.09,8.91
2015-06-16,0,9.0,,0.09,0.0
2015-06-17,0,9.0,,0.09,0.0
2015-06-18,0,9.0,,0.09,0.0
2015-06-19,0,9.0,,0.09,0.0
2015-06-20,0,9.0,,0.09,0.0
2015-06-21,0,9.0,,0.09,0.0
2015-06-22,100,9.0,,0.09,9.0
2015-06-23,0,9.0,,0.09,0.0
2015-06-24,0,9.0,,0.09,0.0
2015-06-25,0,9.0,,0.09,0.0
2015-06-26,0,9.0,,0.09,0.0
2015-06-27,0,9.0,,0.09,0.0
2015-06-28,0,9.0,,0.09,0.0
2015-06-29,0,9.0,,0.09,0.0
2015-06-30,0,9.0,,0.09,0.0
2015-07-01,0,14.0,False,0.14,0.0
2015-07-02,0,14.0,,0.14,0.0
2015-07-03,0,14.0,,0.14,0.0
2015-07-04,0,14.0,,0.14,0.0
2015-07-05,0,14.0,,0.14,0.0
2015-07-06,0,14.0,,0.14,0.0
2015-07-07,0,14.0,,0.14,0.0
2015-07-08,0,14.0,,0.14,0.0
2015-07-09,0,14.0,,0.14,0.0
2015-07-10,0,14.0,,0.14,0.0
2015-07-11,100,14.0,,0.14,14.000000000000002
2015-07-12,0,14.0,,0.14,0.0
2015-07-13,0,14.0,,0.14,0.0
2015-07-14,0,14.0,,0.14,0.0
2015-07-15,0,14.0,,0.14,0.0
2015-07-16,0,14.0,,0.14,0.0
2015-07-17,0,14.0,,0.14,0.0
2015-07-18,0,14.0,,0.14,0.0
2015-07-19,0,14.0,,0.14,0.0
2015-07-20,0,14.0,,0.14,0.0
2015-07-21,0,14.0,,0.14,0.0
2015-07-22,0,14.0,,0.14,0.0
2015-07-23,0,14.0,,0.14,0.0
2015-07-24,0,14.0,,0.14,0.0
2015-07-25,0,14.0,,0.14,0.0
2015-07-26,0,14.0,,0.14,0.0
2015-07-27,0,14.0,,0.14,0.0
2015-07-28,0,14.0,,0.14,0.0
2015-07-29,79,14.0,,0.14,11.06
2015-07-30,0,14.0,,0.14,0.0
2015-07-31,0,14.0,,0.14,0.0
2015-08-01,0,27.0,False,0.27,0.0
2015-08-02,0,27.0,,0.27,0.0
2015-08-03,0,27.0,,0.27,0.0
2015-08-04,0,27.0,,0.27,0.0
2015-08-05,0,27.0,,0.27,0.0
2015-08-06,0,27.0,,0.27,0.0
2015-08-07,0,27.0,,0.27,0.0
2015-08-08,100,27.0,,0.27,27.0
2015-08-09,100,27.0,,0.27,27.0
2015-08-10,0,27.0,,0.27,0.0
2015-08-11,0,27.0,,0.27,0.0
2015-08-12,0,27.0,,0.27,0.0
2015-08-13,0,27.0,,0.27,0.0
2015-08-14,81,27.0,,0.27,21.87
2015-08-15,0,27.0,,0.27,0.0
2015-08-16,0,27.0,,0.27,0.0
2015-08-17,0,27.0,,0.27,0.0
2015-08-18,0,27.0,,0.27,0.0
2015-08-19,0,27.0,,0.27,0.0
2015-08-20,0,27.0,,0.27,0.0
2015-08-21,0,27.0,,0.27,0.0
2015-08-22,0,27.0,,0.27,0.0
2015-08-23,0,27.0,,0.27,0.0
2015-08-24,0,27.0,,0.27,0.0
2015-08-25,0,27.0,,0.27,0.0
2015-08-26,0,27.0,,0.27,0.0
2015-08-27,74,27.0,,0.27,19.98
2015-08-28,78,27.0,,0.27,21.060000000000002
2015-08-29,0,27.0,,0.27,0.0
2015-08-30,0,27.0,,0.27,0.0
2015-08-31,0,27.0,,0.27,0.0
2015-09-01,0,26.0,False,0.26,0.0
2015-09-02,0,26.0,,0.26,0.0
2015-09-03,0,26.0,,0.26,0.0
2015-09-04,0,26.0,,0.26,0.0
2015-09-05,100,26.0,,0.26,26.0
2015-09-06,0,26.0,,0.26,0.0
2015-09-07,0,26.0,,0.26,0.0
2015-09-08,74,26.0,,0.26,19.240000000000002
2015-09-09,0,26.0,,0.26,0.0
2015-09-10,0,26.0,,0.26,0.0
2015-09-11,77,26.0,,0.26,20.02
2015-09-12,0,26.0,,0.26,0.0
2015-09-13,0,26.0,,0.26,0.0
2015-09-14,0,26.0,,0.26,0.0
2015-09-15,0,26.0,,0.26,0.0
2015-09-16,0,26.0,,0.26,0.0
2015-09-17,0,26.0,,0.26,0.0
2015-09-18,0,26.0,,0.26,0.0
2015-09-19,0,26.0,,0.26,0.0
2015-09-20,0,26.0,,0.26,0.0
2015-09-21,74,26.0,,0.26,19.240000000000002
2015-09-22,0,26.0,,0.26,0.0
2015-09-23,74,26.0,,0.26,19.240000000000002
2015-09-24,0,26.0,,0.26,0.0
2015-09-25,0,26.0,,0.26,0.0
2015-09-26,0,26.0,,0.26,0.0
2015-09-27,0,26.0,,0.26,0.0
2015-09-28,0,26.0,,0.26,0.0
2015-09-29,72,26.0,,0.26,18.72
2015-09-30,0,26.0,,0.26,0.0
2015-10-01,0,41.0,False,0.41,0.0
2015-10-02,100,41.0,,0.41,41.0
2015-10-03,0,41.0,,0.41,0.0
2015-10-04,0,41.0,,0.41,0.0
2015-10-05,0,41.0,,0.41,0.0
2015-10-06,0,41.0,,0.41,0.0
2015-10-07,0,41.0,,0.41,0.0
2015-10-08,49,41.0,,0.41,20.09
2015-10-09,51,41.0,,0.41,20.91
2015-10-10,0,41.0,,0.41,0.0
2015-10-11,0,41.0,,0.41,0.0
2015-10-12,0,41.0,,0.41,0.0
2015-10-13,95,41.0,,0.41,38.949999999999996
2015-10-14,0,41.0,,0.41,0.0
2015-10-15,48,41.0,,0.41,19.68
2015-10-16,0,41.0,,0.41,0.0
2015-10-17,0,41.0,,0.41,0.0
2015-10-18,0,41.0,,0.41,0.0
2015-10-19,48,41.0,,0.41,19.68
2015-10-20,0,41.0,,0.41,0.0
2015-10-21,47,41.0,,0.41,19.27
2015-10-22,0,41.0,,0.41,0.0
2015-10-23,49,41.0,,0.41,20.09
2015-10-24,0,41.0,,0.41,0.0
2015-10-25,0,41.0,,0.41,0.0
2015-10-26,94,41.0,,0.41,38.54
2015-10-27,0,41.0,,0.41,0.0
2015-10-28,0,41.0,,0.41,0.0
2015-10-29,47,41.0,,0.41,19.27
2015-10-30,0,41.0,,0.41,0.0
2015-10-31,0,41.0,,0.41,0.0
2015-11-01,0,47.0,False,0.47,0.0
2015-11-02,49,47.0,,0.47,23.029999999999998
2015-11-03,0,47.0,,0.47,0.0
2015-11-04,99,47.0,,0.47,46.529999999999994
2015-11-05,100,47.0,,0.47,47.0
2015-11-06,0,47.0,,0.47,0.0
2015-11-07,0,47.0,,0.47,0.0
2015-11-08,0,47.0,,0.47,0.0
2015-11-09,50,47.0,,0.47,23.5
2015-11-10,49,47.0,,0.47,23.029999999999998
2015-11-11,52,47.0,,0.47,24.439999999999998
2015-11-12,0,47.0,,0.47,0.0
2015-11-13,53,47.0,,0.47,24.91
2015-11-14,0,47.0,,0.47,0.0
2015-11-15,0,47.0,,0.47,0.0
2015-11-16,0,47.0,,0.47,0.0
2015-11-17,0,47.0,,0.47,0.0
2015-11-18,50,47.0,,0.47,23.5
2015-11-19,0,47.0,,0.47,0.0
2015-11-20,0,47.0,,0.47,0.0
2015-11-21,0,47.0,,0.47,0.0
2015-11-22,0,47.0,,0.47,0.0
2015-11-23,0,47.0,,0.47,0.0
2015-11-24,52,47.0,,0.47,24.439999999999998
2015-11-25,55,47.0,,0.47,25.849999999999998
2015-11-26,0,47.0,,0.47,0.0
2015-11-27,0,47.0,,0.47,0.0
2015-11-28,0,47.0,,0.47,0.0
2015-11-29,0,47.0,,0.47,0.0
2015-11-30,0,47.0,,0.47,0.0
2015-12-01,0,17.0,False,0.17,0.0
2015-12-02,0,17.0,,0.17,0.0
2015-12-03,0,17.0,,0.17,0.0
2015-12-04,0,17.0,,0.17,0.0
2015-12-05,100,17.0,,0.17,17.0
2015-12-06,0,17.0,,0.17,0.0
2015-12-07,0,17.0,,0.17,0.0
2015-12-08,0,17.0,,0.17,0.0
2015-12-09,0,17.0,,0.17,0.0
2015-12-10,0,17.0,,0.17,0.0
2015-12-11,0,17.0,,0.17,0.0
2015-12-12,0,17.0,,0.17,0.0
2015-12-13,0,17.0,,0.17,0.0
2015-12-14,76,17.0,,0.17,12.920000000000002
2015-12-15,0,17.0,,0.17,0.0
2015-12-16,0,17.0,,0.17,0.0
2015-12-17,0,17.0,,0.17,0.0
2015-12-18,0,17.0,,0.17,0.0
2015-12-19,0,17.0,,0.17,0.0
2015-12-20,0,17.0,,0.17,0.0
2015-12-21,0,17.0,,0.17,0.0
2015-12-22,0,17.0,,0.17,0.0
2015-12-23,0,17.0,,0.17,0.0
2015-12-24,0,17.0,,0.17,0.0
2015-12-25,0,17.0,,0.17,0.0
2015-12-26,0,17.0,,0.17,0.0
2015-12-27,0,17.0,,0.17,0.0
2015-12-28,0,17.0,,0.17,0.0
2015-12-29,0,17.0,,0.17,0.0
2015-12-30,89,17.0,,0.17,15.13
2015-12-31,93,17.0,,0.17,15.81
2016-01-01,0,34.0,False,0.34,0.0
2016-01-02,0,34.0,,0.34,0.0
2016-01-03,0,34.0,,0.34,0.0
2016-01-04,0,34.0,,0.34,0.0
2016-01-05,0,34.0,,0.34,0.0
2016-01-06,0,34.0,,0.34,0.0
2016-01-07,0,34.0,,0.34,0.0
2016-01-08,0,34.0,,0.34,0.0
2016-01-09,0,34.0,,0.34,0.0
2016-01-10,0,34.0,,0.34,0.0
2016-01-11,84,34.0,,0.34,28.560000000000002
2016-01-12,0,34.0,,0.34,0.0
2016-01-13,0,34.0,,0.34,0.0
2016-01-14,0,34.0,,0.34,0.0
2016-01-15,0,34.0,,0.34,0.0
2016-01-16,0,34.0,,0.34,0.0
2016-01-17,0,34.0,,0.34,0.0
2016-01-18,0,34.0,,0.34,0.0
2016-01-19,0,34.0,,0.34,0.0
2016-01-20,0,34.0,,0.34,0.0
2016-01-21,0,34.0,,0.34,0.0
2016-01-22,0,34.0,,0.34,0.0
2016-01-23,100,34.0,,0.34,34.0
2016-01-24,0,34.0,,0.34,0.0
2016-01-25,0,34.0,,0.34,0.0
2016-01-26,0,34.0,,0.34,0.0
2016-01-27,0,34.0,,0.34,0.0
2016-01-28,86,34.0,,0.34,29.240000000000002
2016-01-29,0,34.0,,0.34,0.0
2016-01-30,0,34.0,,0.34,0.0
2016-01-31,0,34.0,,0.34,0.0
2016-02-01,31,31.0,False,0.31,9.61
2016-02-02,0,31.0,,0.31,0.0
2016-02-03,32,31.0,,0.31,9.92
2016-02-04,0,31.0,,0.31,0.0
2016-02-05,33,31.0,,0.31,10.23
2016-02-06,0,31.0,,0.31,0.0
2016-02-07,0,31.0,,0.31,0.0
2016-02-08,0,31.0,,0.31,0.0
2016-02-09,0,31.0,,0.31,0.0
2016-02-10,31,31.0,,0.31,9.61
2016-02-11,0,31.0,,0.31,0.0
2016-02-12,100,31.0,,0.31,31.0
2016-02-13,0,31.0,,0.31,0.0
2016-02-14,0,31.0,,0.31,0.0
2016-02-15,33,31.0,,0.31,10.23
2016-02-16,0,31.0,,0.31,0.0
2016-02-17,0,31.0,,0.31,0.0
2016-02-18,0,31.0,,0.31,0.0
2016-02-19,0,31.0,,0.31,0.0
2016-02-20,0,31.0,,0.31,0.0
2016-02-21,0,31.0,,0.31,0.0
2016-02-22,0,31.0,,0.31,0.0
2016-02-23,0,31.0,,0.31,0.0
2016-02-24,0,31.0,,0.31,0.0
2016-02-25,0,31.0,,0.31,0.0
2016-02-26,0,31.0,,0.31,0.0
2016-02-27,0,31.0,,0.31,0.0
2016-02-28,39,31.0,,0.31,12.09
2016-02-29,31,31.0,,0.31,9.61
2016-03-01,94,16.0,False,0.16,15.040000000000001
2016-03-02,95,16.0,,0.16,15.200000000000001
2016-03-03,96,16.0,,0.16,15.36
2016-03-04,0,16.0,,0.16,0.0
2016-03-05,0,16.0,,0.16,0.0
2016-03-06,0,16.0,,0.16,0.0
2016-03-07,97,16.0,,0.16,15.52
2016-03-08,0,16.0,,0.16,0.0
2016-03-09,0,16.0,,0.16,0.0
2016-03-10,0,16.0,,0.16,0.0
2016-03-11,0,16.0,,0.16,0.0
2016-03-12,0,16.0,,0.16,0.0
2016-03-13,0,16.0,,0.16,0.0
2016-03-14,98,16.0,,0.16,15.68
2016-03-15,0,16.0,,0.16,0.0
2016-03-16,0,16.0,,0.16,0.0
2016-03-17,0,16.0,,0.16,0.0
2016-03-18,0,16.0,,0.16,0.0
2016-03-19,0,16.0,,0.16,0.0
2016-03-20,0,16.0,,0.16,0.0
2016-03-21,98,16.0,,0.16,15.68
2016-03-22,0,16.0,,0.16,0.0
2016-03-23,100,16.0,,0.16,16.0
2016-03-24,0,16.0,,0.16,0.0
2016-03-25,0,16.0,,0.16,0.0
2016-03-26,0,16.0,,0.16,0.0
2016-03-27,0,16.0,,0.16,0.0
2016-03-28,0,16.0,,0.16,0.0
2016-03-29,0,16.0,,0.16,0.0
2016-03-30,0,16.0,,0.16,0.0
2016-03-31,0,16.0,,0.16,0.0
2016-04-01,0,27.0,False,0.27,0.0
2016-04-02,60,27.0,,0.27,16.200000000000003
2016-04-03,0,27.0,,0.27,0.0
2016-04-04,0,27.0,,0.27,0.0
2016-04-05,0,27.0,,0.27,0.0
2016-04-06,0,27.0,,0.27,0.0
2016-04-07,0,27.0,,0.27,0.0
2016-04-08,0,27.0,,0.27,0.0
2016-04-09,0,27.0,,0.27,0.0
2016-04-10,59,27.0,,0.27,15.930000000000001
2016-04-11,49,27.0,,0.27,13.23
2016-04-12,0,27.0,,0.27,0.0
2016-04-13,0,27.0,,0.27,0.0
2016-04-14,50,27.0,,0.27,13.5
2016-04-15,0,27.0,,0.27,0.0
2016-04-16,0,27.0,,0.27,0.0
2016-04-17,0,27.0,,0.27,0.0
2016-04-18,100,27.0,,0.27,27.0
2016-04-19,0,27.0,,0.27,0.0
2016-04-20,49,27.0,,0.27,13.23
2016-04-21,49,27.0,,0.27,13.23
2016-04-22,0,27.0,,0.27,0.0
2016-04-23,0,27.0,,0.27,0.0
2016-04-24,0,27.0,,0.27,0.0
2016-04-25,0,27.0,,0.27,0.0
2016-04-26,0,27.0,,0.27,0.0
2016-04-27,0,27.0,,0.27,0.0
2016-04-28,0,27.0,,0.27,0.0
2016-04-29,0,27.0,,0.27,0.0
2016-04-30,0,27.0,,0.27,0.0
2016-05-01,0,31.0,False,0.31,0.0
2016-05-02,0,31.0,,0.31,0.0
2016-05-03,0,31.0,,0.31,0.0
2016-05-04,75,31.0,,0.31,23.25
2016-05-05,0,31.0,,0.31,0.0
2016-05-06,81,31.0,,0.31,25.11
2016-05-07,0,31.0,,0.31,0.0
2016-05-08,0,31.0,,0.31,0.0
2016-05-09,0,31.0,,0.31,0.0
2016-05-10,0,31.0,,0.31,0.0
2016-05-11,0,31.0,,0.31,0.0
2016-05-12,0,31.0,,0.31,0.0
2016-05-13,0,31.0,,0.31,0.0
2016-05-14,0,31.0,,0.31,0.0
2016-05-15,0,31.0,,0.31,0.0
2016-05-16,0,31.0,,0.31,0.0
2016-05-17,0,31.0,,0.31,0.0
2016-05-18,0,31.0,,0.31,0.0
2016-05-19,0,31.0,,0.31,0.0
2016-05-20,82,31.0,,0.31,25.419999999999998
2016-05-21,0,31.0,,0.31,0.0
2016-05-22,0,31.0,,0.31,0.0
2016-05-23,0,31.0,,0.31,0.0
2016-05-24,0,31.0,,0.31,0.0
2016-05-25,79,31.0,,0.31,24.49
2016-05-26,0,31.0,,0.31,0.0
2016-05-27,0,31.0,,0.31,0.0
2016-05-28,0,31.0,,0.31,0.0
2016-05-29,100,31.0,,0.31,31.0
2016-05-30,0,31.0,,0.31,0.0
2016-05-31,0,31.0,,0.31,0.0
2016-06-01,0,22.0,False,0.22,0.0
2016-06-02,0,22.0,,0.22,0.0
2016-06-03,50,22.0,,0.22,11.0
2016-06-04,0,22.0,,0.22,0.0
2016-06-05,0,22.0,,0.22,0.0
2016-06-06,0,22.0,,0.22,0.0
2016-06-07,0,22.0,,0.22,0.0
2016-06-08,50,22.0,,0.22,11.0
2016-06-09,0,22.0,,0.22,0.0
2016-06-10,0,22.0,,0.22,0.0
2016-06-11,0,22.0,,0.22,0.0
2016-06-12,0,22.0,,0.22,0.0
2016-06-13,0,22.0,,0.22,0.0
2016-06-14,0,22.0,,0.22,0.0
2016-06-15,0,22.0,,0.22,0.0
2016-06-16,100,22.0,,0.22,22.0
2016-06-17,51,22.0,,0.22,11.22
2016-06-18,0,22.0,,0.22,0.0
2016-06-19,61,22.0,,0.22,13.42
2016-06-20,0,22.0,,0.22,0.0
2016-06-21,100,22.0,,0.22,22.0
2016-06-22,0,22.0,,0.22,0.0
2016-06-23,0,22.0,,0.22,0.0
2016-06-24,0,22.0,,0.22,0.0
2016-06-25,0,22.0,,0.22,0.0
2016-06-26,0,22.0,,0.22,0.0
2016-06-27,0,22.0,,0.22,0.0
2016-06-28,50,22.0,,0.22,11.0
2016-06-29,0,22.0,,0.22,0.0
2016-06-30,0,22.0,,0.22,0.0
2016-07-01,0,100.0,False,1.0,0.0
2016-07-02,0,100.0,,1.0,0.0
2016-07-03,0,100.0,,1.0,0.0
2016-07-04,0,100.0,,1.0,0.0
2016-07-05,0,100.0,,1.0,0.0
2016-07-06,0,100.0,,1.0,0.0
2016-07-07,0,100.0,,1.0,0.0
2016-07-08,0,100.0,,1.0,0.0
2016-07-09,0,100.0,,1.0,0.0
2016-07-10,0,100.0,,1.0,0.0
2016-07-11,0,100.0,,1.0,0.0
2016-07-12,49,100.0,,1.0,49.0
2016-07-13,100,100.0,,1.0,100.0
2016-07-14,71,100.0,,1.0,71.0
2016-07-15,0,100.0,,1.0,0.0
2016-07-16,0,100.0,,1.0,0.0
2016-07-17,14,100.0,,1.0,14.0
2016-07-18,0,100.0,,1.0,0.0
2016-07-19,12,100.0,,1.0,12.0
2016-07-20,0,100.0,,1.0,0.0
2016-07-21,0,100.0,,1.0,0.0
2016-07-22,0,100.0,,1.0,0.0
2016-07-23,0,100.0,,1.0,0.0
2016-07-24,0,100.0,,1.0,0.0
2016-07-25,0,100.0,,1.0,0.0
2016-07-26,0,100.0,,1.0,0.0
2016-07-27,0,100.0,,1.0,0.0
2016-07-28,0,100.0,,1.0,0.0
2016-07-29,12,100.0,,1.0,12.0
2016-07-30,0,100.0,,1.0,0.0
2016-07-31,0,100.0,,1.0,0.0
2016-08-01,0,21.0,False,0.21,0.0
2016-08-02,0,21.0,,0.21,0.0
2016-08-03,0,21.0,,0.21,0.0
2016-08-04,0,21.0,,0.21,0.0
2016-08-05,87,21.0,,0.21,18.27
2016-08-06,0,21.0,,0.21,0.0
2016-08-07,0,21.0,,0.21,0.0
2016-08-08,0,21.0,,0.21,0.0
2016-08-09,0,21.0,,0.21,0.0
2016-08-10,0,21.0,,0.21,0.0
2016-08-11,88,21.0,,0.21,18.48
2016-08-12,0,21.0,,0.21,0.0
2016-08-13,0,21.0,,0.21,0.0
2016-08-14,100,21.0,,0.21,21.0
2016-08-15,86,21.0,,0.21,18.06
2016-08-16,0,21.0,,0.21,0.0
2016-08-17,0,21.0,,0.21,0.0
2016-08-18,0,21.0,,0.21,0.0
2016-08-19,0,21.0,,0.21,0.0
2016-08-20,0,21.0,,0.21,0.0
2016-08-21,0,21.0,,0.21,0.0
2016-08-22,86,21.0,,0.21,18.06
2016-08-23,0,21.0,,0.21,0.0
2016-08-24,0,21.0,,0.21,0.0
2016-08-25,0,21.0,,0.21,0.0
2016-08-26,0,21.0,,0.21,0.0
2016-08-27,0,21.0,,0.21,0.0
2016-08-28,0,21.0,,0.21,0.0
2016-08-29,0,21.0,,0.21,0.0
2016-08-30,0,21.0,,0.21,0.0
2016-08-31,0,21.0,,0.21,0.0
2016-09-01,51,31.0,False,0.31,15.81
2016-09-02,0,31.0,,0.31,0.0
2016-09-03,60,31.0,,0.31,18.6
2016-09-04,0,31.0,,0.31,0.0
2016-09-05,0,31.0,,0.31,0.0
2016-09-06,0,31.0,,0.31,0.0
2016-09-07,49,31.0,,0.31,15.19
2016-09-08,0,31.0,,0.31,0.0
2016-09-09,0,31.0,,0.31,0.0
2016-09-10,0,31.0,,0.31,0.0
2016-09-11,0,31.0,,0.31,0.0
2016-09-12,50,31.0,,0.31,15.5
2016-09-13,49,31.0,,0.31,15.19
2016-09-14,50,31.0,,0.31,15.5
2016-09-15,100,31.0,,0.31,31.0
2016-09-16,0,31.0,,0.31,0.0
2016-09-17,0,31.0,,0.31,0.0
2016-09-18,0,31.0,,0.31,0.0
2016-09-19,98,31.0,,0.31,30.38
2016-09-20,0,31.0,,0.31,0.0
2016-09-21,49,31.0,,0.31,15.19
2016-09-22,0,31.0,,0.31,0.0
2016-09-23,0,31.0,,0.31,0.0
2016-09-24,0,31.0,,0.31,0.0
2016-09-25,0,31.0,,0.31,0.0
2016-09-26,0,31.0,,0.31,0.0
2016-09-27,0,31.0,,0.31,0.0
2016-09-28,0,31.0,,0.31,0.0
2016-09-29,50,31.0,,0.31,15.5
2016-09-30,0,31.0,,0.31,0.0
2016-10-01,0,30.0,False,0.3,0.0
2016-10-02,0,30.0,,0.3,0.0
2016-10-03,0,30.0,,0.3,0.0
2016-10-04,97,30.0,,0.3,29.099999999999998
2016-10-05,0,30.0,,0.3,0.0
2016-10-06,49,30.0,,0.3,14.7
2016-10-07,51,30.0,,0.3,15.299999999999999
2016-10-08,0,30.0,,0.3,0.0
2016-10-09,0,30.0,,0.3,0.0
2016-10-10,0,30.0,,0.3,0.0
2016-10-11,99,30.0,,0.3,29.7
2016-10-12,0,30.0,,0.3,0.0
2016-10-13,100,30.0,,0.3,30.0
2016-10-14,52,30.0,,0.3,15.6
2016-10-15,0,30.0,,0.3,0.0
2016-10-16,0,30.0,,0.3,0.0
2016-10-17,0,30.0,,0.3,0.0
2016-10-18,0,30.0,,0.3,0.0
2016-10-19,0,30.0,,0.3,0.0
2016-10-20,0,30.0,,0.3,0.0
2016-10-21,0,30.0,,0.3,0.0
2016-10-22,0,30.0,,0.3,0.0
2016-10-23,60,30.0,,0.3,18.0
2016-10-24,0,30.0,,0.3,0.0
2016-10-25,0,30.0,,0.3,0.0
2016-10-26,49,30.0,,0.3,14.7
2016-10-27,49,30.0,,0.3,14.7
2016-10-28,0,30.0,,0.3,0.0
2016-10-29,0,30.0,,0.3,0.0
2016-10-30,0,30.0,,0.3,0.0
2016-10-31,0,30.0,,0.3,0.0
2016-11-01,95,33.0,False,0.33,31.35
2016-11-02,0,33.0,,0.33,0.0
2016-11-03,0,33.0,,0.33,0.0
2016-11-04,0,33.0,,0.33,0.0
2016-11-05,0,33.0,,0.33,0.0
2016-11-06,0,33.0,,0.33,0.0
2016-11-07,89,33.0,,0.33,29.37
2016-11-08,87,33.0,,0.33,28.71
2016-11-09,0,33.0,,0.33,0.0
2016-11-10,92,33.0,,0.33,30.360000000000003
2016-11-11,0,33.0,,0.33,0.0
2016-11-12,0,33.0,,0.33,0.0
2016-11-13,0,33.0,,0.33,0.0
2016-11-14,0,33.0,,0.33,0.0
2016-11-15,0,33.0,,0.33,0.0
2016-11-16,0,33.0,,0.33,0.0
2016-11-17,0,33.0,,0.33,0.0
2016-11-18,93,33.0,,0.33,30.69
2016-11-19,0,33.0,,0.33,0.0
2016-11-20,0,33.0,,0.33,0.0
2016-11-21,0,33.0,,0.33,0.0
2016-11-22,0,33.0,,0.33,0.0
2016-11-23,100,33.0,,0.33,33.0
2016-11-24,0,33.0,,0.33,0.0
2016-11-25,0,33.0,,0.33,0.0
2016-11-26,0,33.0,,0.33,0.0
2016-11-27,0,33.0,,0.33,0.0
2016-11-28,83,33.0,,0.33,27.39
2016-11-29,0,33.0,,0.33,0.0
2016-11-30,0,33.0,,0.33,0.0
2016-12-01,56,45.0,False,0.45,25.2
2016-12-02,28,45.0,,0.45,12.6
2016-12-03,0,45.0,,0.45,0.0
2016-12-04,31,45.0,,0.45,13.950000000000001
2016-12-05,25,45.0,,0.45,11.25
2016-12-06,26,45.0,,0.45,11.700000000000001
2016-12-07,82,45.0,,0.45,36.9
2016-12-08,82,45.0,,0.45,36.9
2016-12-09,0,45.0,,0.45,0.0
2016-12-10,100,45.0,,0.45,45.0
2016-12-11,32,45.0,,0.45,14.4
2016-12-12,0,45.0,,0.45,0.0
2016-12-13,0,45.0,,0.45,0.0
2016-12-14,28,45.0,,0.45,12.6
2016-12-15,0,45.0,,0.45,0.0
2016-12-16,0,45.0,,0.45,0.0
2016-12-17,0,45.0,,0.45,0.0
2016-12-18,0,45.0,,0.45,0.0
2016-12-19,0,45.0,,0.45,0.0
2016-12-20,0,45.0,,0.45,0.0
2016-12-21,0,45.0,,0.45,0.0
2016-12-22,0,45.0,,0.45,0.0
2016-12-23,0,45.0,,0.45,0.0
2016-12-24,36,45.0,,0.45,16.2
2016-12-25,0,45.0,,0.45,0.0
2016-12-26,34,45.0,,0.45,15.3
2016-12-27,0,45.0,,0.45,0.0
2016-12-28,0,45.0,,0.45,0.0
2016-12-29,30,45.0,,0.45,13.5
2016-12-30,0,45.0,,0.45,0.0
2016-12-31,0,45.0,,0.45,0.0
2017-01-01,0,43.0,False,0.43,0.0
2017-01-02,0,43.0,,0.43,0.0
2017-01-03,0,43.0,,0.43,0.0
2017-01-04,0,43.0,,0.43,0.0
2017-01-05,0,43.0,,0.43,0.0
2017-01-06,44,43.0,,0.43,18.919999999999998
2017-01-07,0,43.0,,0.43,0.0
2017-01-08,100,43.0,,0.43,43.0
2017-01-09,0,43.0,,0.43,0.0
2017-01-10,0,43.0,,0.43,0.0
2017-01-11,43,43.0,,0.43,18.49
2017-01-12,43,43.0,,0.43,18.49
2017-01-13,0,43.0,,0.43,0.0
2017-01-14,0,43.0,,0.43,0.0
2017-01-15,0,43.0,,0.43,0.0
2017-01-16,0,43.0,,0.43,0.0
2017-01-17,0,43.0,,0.43,0.0
2017-01-18,0,43.0,,0.43,0.0
2017-01-19,84,43.0,,0.43,36.12
2017-01-20,0,43.0,,0.43,0.0
2017-01-21,0,43.0,,0.43,0.0
2017-01-22,0,43.0,,0.43,0.0
2017-01-23,0,43.0,,0.43,0.0
2017-01-24,42,43.0,,0.43,18.06
2017-01-25,85,43.0,,0.43,36.55
2017-01-26,0,43.0,,0.43,0.0
2017-01-27,44,43.0,,0.43,18.919999999999998
2017-01-28,0,43.0,,0.43,0.0
2017-01-29,0,43.0,,0.43,0.0
2017-01-30,41,43.0,,0.43,17.63
2017-01-31,83,43.0,,0.43,35.69
2017-02-01,0,49.0,False,0.49,0.0
2017-02-02,0,49.0,,0.49,0.0
2017-02-03,0,49.0,,0.49,0.0
2017-02-04,0,49.0,,0.49,0.0
2017-02-05,0,49.0,,0.49,0.0
2017-02-06,92,49.0,,0.49,45.08
2017-02-07,0,49.0,,0.49,0.0
2017-02-08,95,49.0,,0.49,46.55
2017-02-09,0,49.0,,0.49,0.0
2017-02-10,100,49.0,,0.49,49.0
2017-02-11,0,49.0,,0.49,0.0
2017-02-12,0,49.0,,0.49,0.0
2017-02-13,93,49.0,,0.49,45.57
2017-02-14,0,49.0,,0.49,0.0
2017-02-15,0,49.0,,0.49,0.0
2017-02-16,0,49.0,,0.49,0.0
2017-02-17,0,49.0,,0.49,0.0
2017-02-18,0,49.0,,0.49,0.0
2017-02-19,0,49.0,,0.49,0.0
2017-02-20,100,49.0,,0.49,49.0
2017-02-21,0,49.0,,0.49,0.0
2017-02-22,95,49.0,,0.49,46.55
2017-02-23,96,49.0,,0.49,47.04
2017-02-24,0,49.0,,0.49,0.0
2017-02-25,0,49.0,,0.49,0.0
2017-02-26,0,49.0,,0.49,0.0
2017-02-27,0,49.0,,0.49,0.0
2017-02-28,0,49.0,,0.49,0.0
2017-03-01,0,38.0,False,0.38,0.0
2017-03-02,48,38.0,,0.38,18.240000000000002
2017-03-03,0,38.0,,0.38,0.0
2017-03-04,60,38.0,,0.38,22.8
2017-03-05,0,38.0,,0.38,0.0
2017-03-06,0,38.0,,0.38,0.0
2017-03-07,0,38.0,,0.38,0.0
2017-03-08,100,38.0,,0.38,38.0
2017-03-09,0,38.0,,0.38,0.0
2017-03-10,0,38.0,,0.38,0.0
2017-03-11,0,38.0,,0.38,0.0
2017-03-12,0,38.0,,0.38,0.0
2017-03-13,0,38.0,,0.38,0.0
2017-03-14,0,38.0,,0.38,0.0
2017-03-15,51,38.0,,0.38,19.38
2017-03-16,0,38.0,,0.38,0.0
2017-03-17,0,38.0,,0.38,0.0
2017-03-18,0,38.0,,0.38,0.0
2017-03-19,0,38.0,,0.38,0.0
2017-03-20,50,38.0,,0.38,19.0
2017-03-21,50,38.0,,0.38,19.0
2017-03-22,0,38.0,,0.38,0.0
2017-03-23,0,38.0,,0.38,0.0
2017-03-24,0,38.0,,0.38,0.0
2017-03-25,0,38.0,,0.38,0.0
2017-03-26,0,38.0,,0.38,0.0
2017-03-27,0,38.0,,0.38,0.0
2017-03-28,50,38.0,,0.38,19.0
2017-03-29,0,38.0,,0.38,0.0
2017-03-30,0,38.0,,0.38,0.0
2017-03-31,0,38.0,,0.38,0.0
2017-04-01,0,25.0,False,0.25,0.0
2017-04-02,0,25.0,,0.25,0.0
2017-04-03,49,25.0,,0.25,12.25
2017-04-04,99,25.0,,0.25,24.75
2017-04-05,50,25.0,,0.25,12.5
2017-04-06,50,25.0,,0.25,12.5
2017-04-07,0,25.0,,0.25,0.0
2017-04-08,0,25.0,,0.25,0.0
2017-04-09,0,25.0,,0.25,0.0
2017-04-10,0,25.0,,0.25,0.0
2017-04-11,0,25.0,,0.25,0.0
2017-04-12,0,25.0,,0.25,0.0
2017-04-13,0,25.0,,0.25,0.0
2017-04-14,0,25.0,,0.25,0.0
2017-04-15,0,25.0,,0.25,0.0
2017-04-16,66,25.0,,0.25,16.5
2017-04-17,0,25.0,,0.25,0.0
2017-04-18,0,25.0,,0.25,0.0
2017-04-19,100,25.0,,0.25,25.0
2017-04-20,0,25.0,,0.25,0.0
2017-04-21,0,25.0,,0.25,0.0
2017-04-22,0,25.0,,0.25,0.0
2017-04-23,0,25.0,,0.25,0.0
2017-04-24,0,25.0,,0.25,0.0
2017-04-25,0,25.0,,0.25,0.0
2017-04-26,49,25.0,,0.25,12.25
2017-04-27,0,25.0,,0.25,0.0
2017-04-28,0,25.0,,0.25,0.0
2017-04-29,0,25.0,,0.25,0.0
2017-04-30,0,25.0,,0.25,0.0
2017-05-01,47,38.0,False,0.38,17.86
2017-05-02,0,38.0,,0.38,0.0
2017-05-03,48,38.0,,0.38,18.240000000000002
2017-05-04,96,38.0,,0.38,36.480000000000004
2017-05-05,0,38.0,,0.38,0.0
2017-05-06,0,38.0,,0.38,0.0
2017-05-07,0,38.0,,0.38,0.0
2017-05-08,0,38.0,,0.38,0.0
2017-05-09,0,38.0,,0.38,0.0
2017-05-10,0,38.0,,0.38,0.0
2017-05-11,49,38.0,,0.38,18.62
2017-05-12,0,38.0,,0.38,0.0
2017-05-13,0,38.0,,0.38,0.0
2017-05-14,0,38.0,,0.38,0.0
2017-05-15,0,38.0,,0.38,0.0
2017-05-16,0,38.0,,0.38,0.0
2017-05-17,0,38.0,,0.38,0.0
2017-05-18,0,38.0,,0.38,0.0
2017-05-19,0,38.0,,0.38,0.0
2017-05-20,0,38.0,,0.38,0.0
2017-05-21,0,38.0,,0.38,0.0
2017-05-22,0,38.0,,0.38,0.0
2017-05-23,0,38.0,,0.38,0.0
2017-05-24,0,38.0,,0.38,0.0
2017-05-25,0,38.0,,0.38,0.0
2017-05-26,56,38.0,,0.38,21.28
2017-05-27,0,38.0,,0.38,0.0
2017-05-28,0,38.0,,0.38,0.0
2017-05-29,0,38.0,,0.38,0.0
2017-05-30,0,38.0,,0.38,0.0
2017-05-31,100,38.0,,0.38,38.0
2017-06-01,0,10.0,False,0.1,0.0
2017-06-02,0,10.0,,0.1,0.0
2017-06-03,0,10.0,,0.1,0.0
2017-06-04,0,10.0,,0.1,0.0
2017-06-05,0,10.0,,0.1,0.0
2017-06-06,100,10.0,,0.1,10.0
2017-06-07,0,10.0,,0.1,0.0
2017-06-08,0,10.0,,0.1,0.0
2017-06-09,0,10.0,,0.1,0.0
2017-06-10,0,10.0,,0.1,0.0
2017-06-11,0,10.0,,0.1,0.0
2017-06-12,0,10.0,,0.1,0.0
2017-06-13,0,10.0,,0.1,0.0
2017-06-14,0,10.0,,0.1,0.0
2017-06-15,0,10.0,,0.1,0.0
2017-06-16,0,10.0,,0.1,0.0
2017-06-17,0,10.0,,0.1,0.0
2017-06-18,0,10.0,,0.1,0.0
2017-06-19,0,10.0,,0.1,0.0
2017-06-20,98,10.0,,0.1,9.8
2017-06-21,0,10.0,,0.1,0.0
2017-06-22,0,10.0,,0.1,0.0
2017-06-23,0,10.0,,0.1,0.0
2017-06-24,0,10.0,,0.1,0.0
2017-06-25,0,10.0,,0.1,0.0
2017-06-26,0,10.0,,0.1,0.0
2017-06-27,0,10.0,,0.1,0.0
2017-06-28,0,10.0,,0.1,0.0
2017-06-29,0,10.0,,0.1,0.0
2017-06-30,0,10.0,,0.1,0.0
2017-07-01,0,24.0,False,0.24,0.0
2017-07-02,0,24.0,,0.24,0.0
2017-07-03,0,24.0,,0.24,0.0
2017-07-04,0,24.0,,0.24,0.0
2017-07-05,0,24.0,,0.24,0.0
2017-07-06,86,24.0,,0.24,20.64
2017-07-07,0,24.0,,0.24,0.0
2017-07-08,0,24.0,,0.24,0.0
2017-07-09,0,24.0,,0.24,0.0
2017-07-10,0,24.0,,0.24,0.0
2017-07-11,0,24.0,,0.24,0.0
2017-07-12,0,24.0,,0.24,0.0
2017-07-13,43,24.0,,0.24,10.32
2017-07-14,0,24.0,,0.24,0.0
2017-07-15,100,24.0,,0.24,24.0
2017-07-16,50,24.0,,0.24,12.0
2017-07-17,0,24.0,,0.24,0.0
2017-07-18,42,24.0,,0.24,10.08
2017-07-19,43,24.0,,0.24,10.32
2017-07-20,0,24.0,,0.24,0.0
2017-07-21,43,24.0,,0.24,10.32
2017-07-22,0,24.0,,0.24,0.0
2017-07-23,0,24.0,,0.24,0.0
2017-07-24,0,24.0,,0.24,0.0
2017-07-25,0,24.0,,0.24,0.0
2017-07-26,0,24.0,,0.24,0.0
2017-07-27,0,24.0,,0.24,0.0
2017-07-28,0,24.0,,0.24,0.0
2017-07-29,0,24.0,,0.24,0.0
2017-07-30,0,24.0,,0.24,0.0
2017-07-31,0,24.0,,0.24,0.0
2017-08-01,0,32.0,False,0.32,0.0
2017-08-02,0,32.0,,0.32,0.0
2017-08-03,0,32.0,,0.32,0.0
2017-08-04,0,32.0,,0.32,0.0
2017-08-05,0,32.0,,0.32,0.0
2017-08-06,0,32.0,,0.32,0.0
2017-08-07,48,32.0,,0.32,15.36
2017-08-08,0,32.0,,0.32,0.0
2017-08-09,0,32.0,,0.32,0.0
2017-08-10,0,32.0,,0.32,0.0
2017-08-11,52,32.0,,0.32,16.64
2017-08-12,0,32.0,,0.32,0.0
2017-08-13,0,32.0,,0.32,0.0
2017-08-14,0,32.0,,0.32,0.0
2017-08-15,51,32.0,,0.32,16.32
2017-08-16,51,32.0,,0.32,16.32
2017-08-17,51,32.0,,0.32,16.32
2017-08-18,0,32.0,,0.32,0.0
2017-08-19,0,32.0,,0.32,0.0
2017-08-20,0,32.0,,0.32,0.0
2017-08-21,0,32.0,,0.32,0.0
2017-08-22,0,32.0,,0.32,0.0
2017-08-23,0,32.0,,0.32,0.0
2017-08-24,0,32.0,,0.32,0.0
2017-08-25,52,32.0,,0.32,16.64
2017-08-26,0,32.0,,0.32,0.0
2017-08-27,0,32.0,,0.32,0.0
2017-08-28,100,32.0,,0.32,32.0
2017-08-29,0,32.0,,0.32,0.0
2017-08-30,0,32.0,,0.32,0.0
2017-08-31,0,32.0,,0.32,0.0
2017-09-01,35,35.0,False,0.35,12.25
2017-09-02,0,35.0,,0.35,0.0
2017-09-03,0,35.0,,0.35,0.0
2017-09-04,0,35.0,,0.35,0.0
2017-09-05,32,35.0,,0.35,11.2
2017-09-06,0,35.0,,0.35,0.0
2017-09-07,33,35.0,,0.35,11.549999999999999
2017-09-08,0,35.0,,0.35,0.0
2017-09-09,0,35.0,,0.35,0.0
2017-09-10,0,35.0,,0.35,0.0
2017-09-11,0,35.0,,0.35,0.0
2017-09-12,0,35.0,,0.35,0.0
2017-09-13,100,35.0,,0.35,35.0
2017-09-14,67,35.0,,0.35,23.45
2017-09-15,0,35.0,,0.35,0.0
2017-09-16,0,35.0,,0.35,0.0
2017-09-17,39,35.0,,0.35,13.649999999999999
2017-09-18,0,35.0,,0.35,0.0
2017-09-19,0,35.0,,0.35,0.0
2017-09-20,0,35.0,,0.35,0.0
2017-09-21,0,35.0,,0.35,0.0
2017-09-22,34,35.0,,0.35,11.899999999999999
2017-09-23,0,35.0,,0.35,0.0
2017-09-24,0,35.0,,0.35,0.0
2017-09-25,33,35.0,,0.35,11.549999999999999
2017-09-26,33,35.0,,0.35,11.549999999999999
2017-09-27,67,35.0,,0.35,23.45
2017-09-28,34,35.0,,0.35,11.899999999999999
2017-09-29,0,35.0,,0.35,0.0
2017-09-30,0,35.0,,0.35,0.0
2017-10-01,0,45.0,False,0.45,0.0
2017-10-02,0,45.0,,0.45,0.0
2017-10-03,0,45.0,,0.45,0.0
2017-10-04,33,45.0,,0.45,14.85
2017-10-05,33,45.0,,0.45,14.85
2017-10-06,0,45.0,,0.45,0.0
2017-10-07,0,45.0,,0.45,0.0
2017-10-08,39,45.0,,0.45,17.55
2017-10-09,65,45.0,,0.45,29.25
2017-10-10,32,45.0,,0.45,14.4
2017-10-11,0,45.0,,0.45,0.0
2017-10-12,0,45.0,,0.45,0.0
2017-10-13,34,45.0,,0.45,15.3
2017-10-14,0,45.0,,0.45,0.0
2017-10-15,0,45.0,,0.45,0.0
2017-10-16,66,45.0,,0.45,29.7
2017-10-17,100,45.0,,0.45,45.0
2017-10-18,33,45.0,,0.45,14.85
2017-10-19,0,45.0,,0.45,0.0
2017-10-20,0,45.0,,0.45,0.0
2017-10-21,0,45.0,,0.45,0.0
2017-10-22,0,45.0,,0.45,0.0
2017-10-23,0,45.0,,0.45,0.0
2017-10-24,33,45.0,,0.45,14.85
2017-10-25,33,45.0,,0.45,14.85
2017-10-26,33,45.0,,0.45,14.85
2017-10-27,34,45.0,,0.45,15.3
2017-10-28,80,45.0,,0.45,36.0
2017-10-29,0,45.0,,0.45,0.0
2017-10-30,0,45.0,,0.45,0.0
2017-10-31,0,45.0,,0.45,0.0
2017-11-01,52,22.0,False,0.22,11.44
2017-11-02,49,22.0,,0.22,10.78
2017-11-03,0,22.0,,0.22,0.0
2017-11-04,0,22.0,,0.22,0.0
2017-11-05,0,22.0,,0.22,0.0
2017-11-06,49,22.0,,0.22,10.78
2017-11-07,49,22.0,,0.22,10.78
2017-11-08,0,22.0,,0.22,0.0
2017-11-09,0,22.0,,0.22,0.0
2017-11-10,0,22.0,,0.22,0.0
2017-11-11,0,22.0,,0.22,0.0
2017-11-12,59,22.0,,0.22,12.98
2017-11-13,0,22.0,,0.22,0.0
2017-11-14,0,22.0,,0.22,0.0
2017-11-15,0,22.0,,0.22,0.0
2017-11-16,100,22.0,,0.22,22.0
2017-11-17,0,22.0,,0.22,0.0
2017-11-18,0,22.0,,0.22,0.0
2017-11-19,0,22.0,,0.22,0.0
2017-11-20,0,22.0,,0.22,0.0
2017-11-21,0,22.0,,0.22,0.0
2017-11-22,55,22.0,,0.22,12.1
2017-11-23,0,22.0,,0.22,0.0
2017-11-24,0,22.0,,0.22,0.0
2017-11-25,0,22.0,,0.22,0.0
2017-11-26,0,22.0,,0.22,0.0
2017-11-27,47,22.0,,0.22,10.34
2017-11-28,0,22.0,,0.22,0.0
2017-11-29,0,22.0,,0.22,0.0
2017-11-30,0,22.0,,0.22,0.0
2017-12-01,51,35.0,False,0.35,17.849999999999998
2017-12-02,0,35.0,,0.35,0.0
2017-12-03,0,35.0,,0.35,0.0
2017-12-04,0,35.0,,0.35,0.0
2017-12-05,49,35.0,,0.35,17.15
2017-12-06,50,35.0,,0.35,17.5
2017-12-07,100,35.0,,0.35,35.0
2017-12-08,0,35.0,,0.35,0.0
2017-12-09,0,35.0,,0.35,0.0
2017-12-10,0,35.0,,0.35,0.0
2017-12-11,0,35.0,,0.35,0.0
2017-12-12,0,35.0,,0.35,0.0
2017-12-13,50,35.0,,0.35,17.5
2017-12-14,0,35.0,,0.35,0.0
2017-12-15,0,35.0,,0.35,0.0
2017-12-16,0,35.0,,0.35,0.0
2017-12-17,0,35.0,,0.35,0.0
2017-12-18,52,35.0,,0.35,18.2
2017-12-19,0,35.0,,0.35,0.0
2017-12-20,0,35.0,,0.35,0.0
2017-12-21,56,35.0,,0.35,19.599999999999998
2017-12-22,0,35.0,,0.35,0.0
2017-12-23,0,35.0,,0.35,0.0
2017-12-24,0,35.0,,0.35,0.0
2017-12-25,0,35.0,,0.35,0.0
2017-12-26,0,35.0,,0.35,0.0
2017-12-27,0,35.0,,0.35,0.0
2017-12-28,0,35.0,,0.35,0.0
2017-12-29,0,35.0,,0.35,0.0
2017-12-30,0,35.0,,0.35,0.0
2017-12-31,0,35.0,,0.35,0.0
2018-01-01,0,23.0,False,0.23,0.0
2018-01-02,0,23.0,,0.23,0.0
2018-01-03,0,23.0,,0.23,0.0
2018-01-04,0,23.0,,0.23,0.0
2018-01-05,0,23.0,,0.23,0.0
2018-01-06,0,23.0,,0.23,0.0
2018-01-07,50,23.0,,0.23,11.5
2018-01-08,43,23.0,,0.23,9.89
2018-01-09,0,23.0,,0.23,0.0
2018-01-10,44,23.0,,0.23,10.120000000000001
2018-01-11,0,23.0,,0.23,0.0
2018-01-12,0,23.0,,0.23,0.0
2018-01-13,0,23.0,,0.23,0.0
2018-01-14,0,23.0,,0.23,0.0
2018-01-15,45,23.0,,0.23,10.35
2018-01-16,42,23.0,,0.23,9.66
2018-01-17,0,23.0,,0.23,0.0
2018-01-18,0,23.0,,0.23,0.0
2018-01-19,0,23.0,,0.23,0.0
2018-01-20,0,23.0,,0.23,0.0
2018-01-21,100,23.0,,0.23,23.0
2018-01-22,0,23.0,,0.23,0.0
2018-01-23,0,23.0,,0.23,0.0
2018-01-24,0,23.0,,0.23,0.0
2018-01-25,43,23.0,,0.23,9.89
2018-01-26,44,23.0,,0.23,10.120000000000001
2018-01-27,0,23.0,,0.23,0.0
2018-01-28,0,23.0,,0.23,0.0
2018-01-29,42,23.0,,0.23,9.66
2018-01-30,42,23.0,,0.23,9.66
2018-01-31,0,23.0,,0.23,0.0
2018-02-01,0,60.0,False,0.6,0.0
2018-02-02,0,60.0,,0.6,0.0
2018-02-03,39,60.0,,0.6,23.4
2018-02-04,0,60.0,,0.6,0.0
2018-02-05,31,60.0,,0.6,18.599999999999998
2018-02-06,64,60.0,,0.6,38.4
2018-02-07,32,60.0,,0.6,19.2
2018-02-08,32,60.0,,0.6,19.2
2018-02-09,0,60.0,,0.6,0.0
2018-02-10,0,60.0,,0.6,0.0
2018-02-11,0,60.0,,0.6,0.0
2018-02-12,0,60.0,,0.6,0.0
2018-02-13,0,60.0,,0.6,0.0
2018-02-14,0,60.0,,0.6,0.0
2018-02-15,100,60.0,,0.6,60.0
2018-02-16,0,60.0,,0.6,0.0
2018-02-17,0,60.0,,0.6,0.0
2018-02-18,0,60.0,,0.6,0.0
2018-02-19,0,60.0,,0.6,0.0
2018-02-20,0,60.0,,0.6,0.0
2018-02-21,32,60.0,,0.6,19.2
2018-02-22,65,60.0,,0.6,39.0
2018-02-23,65,60.0,,0.6,39.0
2018-02-24,0,60.0,,0.6,0.0
2018-02-25,0,60.0,,0.6,0.0
2018-02-26,0,60.0,,0.6,0.0
2018-02-27,0,60.0,,0.6,0.0
2018-02-28,0,60.0,,0.6,0.0
2018-03-01,0,44.0,False,0.44,0.0
2018-03-02,0,44.0,,0.44,0.0
2018-03-03,40,44.0,,0.44,17.6
2018-03-04,40,44.0,,0.44,17.6
2018-03-05,0,44.0,,0.44,0.0
2018-03-06,0,44.0,,0.44,0.0
2018-03-07,100,44.0,,0.44,44.0
2018-03-08,0,44.0,,0.44,0.0
2018-03-09,35,44.0,,0.44,15.4
2018-03-10,0,44.0,,0.44,0.0
2018-03-11,0,44.0,,0.44,0.0
2018-03-12,34,44.0,,0.44,14.96
2018-03-13,0,44.0,,0.44,0.0
2018-03-14,0,44.0,,0.44,0.0
2018-03-15,69,44.0,,0.44,30.36
2018-03-16,0,44.0,,0.44,0.0
2018-03-17,0,44.0,,0.44,0.0
2018-03-18,0,44.0,,0.44,0.0
2018-03-19,0,44.0,,0.44,0.0
2018-03-20,0,44.0,,0.44,0.0
2018-03-21,0,44.0,,0.44,0.0
2018-03-22,0,44.0,,0.44,0.0
2018-03-23,35,44.0,,0.44,15.4
2018-03-24,0,44.0,,0.44,0.0
2018-03-25,42,44.0,,0.44,18.48
2018-03-26,0,44.0,,0.44,0.0
2018-03-27,35,44.0,,0.44,15.4
2018-03-28,0,44.0,,0.44,0.0
2018-03-29,36,44.0,,0.44,15.84
2018-03-30,38,44.0,,0.44,16.72
2018-03-31,0,44.0,,0.44,0.0
2018-04-01,0,40.0,False,0.4,0.0
2018-04-02,0,40.0,,0.4,0.0
2018-04-03,0,40.0,,0.4,0.0
2018-04-04,34,40.0,,0.4,13.600000000000001
2018-04-05,35,40.0,,0.4,14.0
2018-04-06,0,40.0,,0.4,0.0
2018-04-07,0,40.0,,0.4,0.0
2018-04-08,41,40.0,,0.4,16.400000000000002
2018-04-09,0,40.0,,0.4,0.0
2018-04-10,0,40.0,,0.4,0.0
2018-04-11,0,40.0,,0.4,0.0
2018-04-12,0,40.0,,0.4,0.0
2018-04-13,0,40.0,,0.4,0.0
2018-04-14,0,40.0,,0.4,0.0
2018-04-15,0,40.0,,0.4,0.0
2018-04-16,33,40.0,,0.4,13.200000000000001
2018-04-17,0,40.0,,0.4,0.0
2018-04-18,34,40.0,,0.4,13.600000000000001
2018-04-19,0,40.0,,0.4,0.0
2018-04-20,0,40.0,,0.4,0.0
2018-04-21,0,40.0,,0.4,0.0
2018-04-22,0,40.0,,0.4,0.0
2018-04-23,0,40.0,,0.4,0.0
2018-04-24,100,40.0,,0.4,40.0
2018-04-25,34,40.0,,0.4,13.600000000000001
2018-04-26,68,40.0,,0.4,27.200000000000003
2018-04-27,35,40.0,,0.4,14.0
2018-04-28,0,40.0,,0.4,0.0
2018-04-29,0,40.0,,0.4,0.0
2018-04-30,0,40.0,,0.4,0.0
2018-05-01,0,30.0,False,0.3,0.0
2018-05-02,48,30.0,,0.3,14.399999999999999
2018-05-03,48,30.0,,0.3,14.399999999999999
2018-05-04,50,30.0,,0.3,15.0
2018-05-05,0,30.0,,0.3,0.0
2018-05-06,0,30.0,,0.3,0.0
2018-05-07,0,30.0,,0.3,0.0
2018-05-08,0,30.0,,0.3,0.0
2018-05-09,0,30.0,,0.3,0.0
2018-05-10,49,30.0,,0.3,14.7
2018-05-11,0,30.0,,0.3,0.0
2018-05-12,0,30.0,,0.3,0.0
2018-05-13,0,30.0,,0.3,0.0
2018-05-14,0,30.0,,0.3,0.0
2018-05-15,0,30.0,,0.3,0.0
2018-05-16,96,30.0,,0.3,28.799999999999997
2018-05-17,0,30.0,,0.3,0.0
2018-05-18,0,30.0,,0.3,0.0
2018-05-19,0,30.0,,0.3,0.0
2018-05-20,0,30.0,,0.3,0.0
2018-05-21,0,30.0,,0.3,0.0
2018-05-22,0,30.0,,0.3,0.0
2018-05-23,0,30.0,,0.3,0.0
2018-05-24,0,30.0,,0.3,0.0
2018-05-25,0,30.0,,0.3,0.0
2018-05-26,0,30.0,,0.3,0.0
2018-05-27,0,30.0,,0.3,0.0
2018-05-28,0,30.0,,0.3,0.0
2018-05-29,0,30.0,,0.3,0.0
2018-05-30,0,30.0,,0.3,0.0
2018-05-31,100,30.0,,0.3,30.0
2018-06-01,0,13.0,False,0.13,0.0
2018-06-02,0,13.0,,0.13,0.0
2018-06-03,0,13.0,,0.13,0.0
2018-06-04,0,13.0,,0.13,0.0
2018-06-05,0,13.0,,0.13,0.0
2018-06-06,85,13.0,,0.13,11.05
2018-06-07,0,13.0,,0.13,0.0
2018-06-08,0,13.0,,0.13,0.0
2018-06-09,0,13.0,,0.13,0.0
2018-06-10,0,13.0,,0.13,0.0
2018-06-11,0,13.0,,0.13,0.0
2018-06-12,0,13.0,,0.13,0.0
2018-06-13,0,13.0,,0.13,0.0
2018-06-14,0,13.0,,0.13,0.0
2018-06-15,0,13.0,,0.13,0.0
2018-06-16,0,13.0,,0.13,0.0
2018-06-17,0,13.0,,0.13,0.0
2018-06-18,0,13.0,,0.13,0.0
2018-06-19,0,13.0,,0.13,0.0
2018-06-20,0,13.0,,0.13,0.0
2018-06-21,0,13.0,,0.13,0.0
2018-06-22,0,13.0,,0.13,0.0
2018-06-23,0,13.0,,0.13,0.0
2018-06-24,100,13.0,,0.13,13.0
2018-06-25,0,13.0,,0.13,0.0
2018-06-26,0,13.0,,0.13,0.0
2018-06-27,0,13.0,,0.13,0.0
2018-06-28,0,13.0,,0.13,0.0
2018-06-29,0,13.0,,0.13,0.0
2018-06-30,0,13.0,,0.13,0.0
2018-07-01,100,13.0,False,0.13,13.0
2018-07-02,0,13.0,,0.13,0.0
2018-07-03,0,13.0,,0.13,0.0
2018-07-04,0,13.0,,0.13,0.0
2018-07-05,0,13.0,,0.13,0.0
2018-07-06,0,13.0,,0.13,0.0
2018-07-07,0,13.0,,0.13,0.0
2018-07-08,0,13.0,,0.13,0.0
2018-07-09,0,13.0,,0.13,0.0
2018-07-10,0,13.0,,0.13,0.0
2018-07-11,0,13.0,,0.13,0.0
2018-07-12,86,13.0,,0.13,11.18
2018-07-13,0,13.0,,0.13,0.0
2018-07-14,0,13.0,,0.13,0.0
2018-07-15,0,13.0,,0.13,0.0
2018-07-16,0,13.0,,0.13,0.0
2018-07-17,0,13.0,,0.13,0.0
2018-07-18,0,13.0,,0.13,0.0
2018-07-19,0,13.0,,0.13,0.0
2018-07-20,0,13.0,,0.13,0.0
2018-07-21,0,13.0,,0.13,0.0
2018-07-22,0,13.0,,0.13,0.0
2018-07-23,0,13.0,,0.13,0.0
2018-07-24,0,13.0,,0.13,0.0
2018-07-25,84,13.0,,0.13,10.92
2018-07-26,0,13.0,,0.13,0.0
2018-07-27,0,13.0,,0.13,0.0
2018-07-28,0,13.0,,0.13,0.0
2018-07-29,0,13.0,,0.13,0.0
2018-07-30,0,13.0,,0.13,0.0
2018-07-31,0,13.0,,0.13,0.0
2018-08-01,0,9.0,False,0.09,0.0
2018-08-02,0,9.0,,0.09,0.0
2018-08-03,0,9.0,,0.09,0.0
2018-08-04,0,9.0,,0.09,0.0
2018-08-05,0,9.0,,0.09,0.0
2018-08-06,0,9.0,,0.09,0.0
2018-08-07,0,9.0,,0.09,0.0
2018-08-08,0,9.0,,0.09,0.0
2018-08-09,0,9.0,,0.09,0.0
2018-08-10,0,9.0,,0.09,0.0
2018-08-11,0,9.0,,0.09,0.0
2018-08-12,0,9.0,,0.09,0.0
2018-08-13,0,9.0,,0.09,0.0
2018-08-14,0,9.0,,0.09,0.0
2018-08-15,50,9.0,,0.09,4.5
2018-08-16,0,9.0,,0.09,0.0
2018-08-17,0,9.0,,0.09,0.0
2018-08-18,0,9.0,,0.09,0.0
2018-08-19,0,9.0,,0.09,0.0
2018-08-20,0,9.0,,0.09,0.0
2018-08-21,49,9.0,,0.09,4.41
2018-08-22,0,9.0,,0.09,0.0
2018-08-23,100,9.0,,0.09,9.0
2018-08-24,0,9.0,,0.09,0.0
2018-08-25,58,9.0,,0.09,5.22
2018-08-26,0,9.0,,0.09,0.0
2018-08-27,0,9.0,,0.09,0.0
2018-08-28,48,9.0,,0.09,4.32
2018-08-29,48,9.0,,0.09,4.32
2018-08-30,49,9.0,,0.09,4.41
2018-08-31,0,9.0,,0.09,0.0
2018-09-01,60,47.0,False,0.47,28.2
2018-09-02,0,47.0,,0.47,0.0
2018-09-03,0,47.0,,0.47,0.0
2018-09-04,50,47.0,,0.47,23.5
2018-09-05,49,47.0,,0.47,23.029999999999998
2018-09-06,0,47.0,,0.47,0.0
2018-09-07,0,47.0,,0.47,0.0
2018-09-08,0,47.0,,0.47,0.0
2018-09-09,0,47.0,,0.47,0.0
2018-09-10,0,47.0,,0.47,0.0
2018-09-11,49,47.0,,0.47,23.029999999999998
2018-09-12,98,47.0,,0.47,46.059999999999995
2018-09-13,0,47.0,,0.47,0.0
2018-09-14,50,47.0,,0.47,23.5
2018-09-15,0,47.0,,0.47,0.0
2018-09-16,0,47.0,,0.47,0.0
2018-09-17,100,47.0,,0.47,47.0
2018-09-18,0,47.0,,0.47,0.0
2018-09-19,0,47.0,,0.47,0.0
2018-09-20,0,47.0,,0.47,0.0
2018-09-21,0,47.0,,0.47,0.0
2018-09-22,0,47.0,,0.47,0.0
2018-09-23,59,47.0,,0.47,27.729999999999997
2018-09-24,0,47.0,,0.47,0.0
2018-09-25,0,47.0,,0.47,0.0
2018-09-26,50,47.0,,0.47,23.5
2018-09-27,0,47.0,,0.47,0.0
2018-09-28,0,47.0,,0.47,0.0
2018-09-29,0,47.0,,0.47,0.0
2018-09-30,0,47.0,,0.47,0.0
2018-10-01,0,36.0,False,0.36,0.0
2018-10-02,0,36.0,,0.36,0.0
2018-10-03,0,36.0,,0.36,0.0
2018-10-04,0,36.0,,0.36,0.0
2018-10-05,42,36.0,,0.36,15.12
2018-10-06,0,36.0,,0.36,0.0
2018-10-07,97,36.0,,0.36,34.92
2018-10-08,0,36.0,,0.36,0.0
2018-10-09,41,36.0,,0.36,14.76
2018-10-10,41,36.0,,0.36,14.76
2018-10-11,0,36.0,,0.36,0.0
2018-10-12,0,36.0,,0.36,0.0
2018-10-13,0,36.0,,0.36,0.0
2018-10-14,100,36.0,,0.36,36.0
2018-10-15,0,36.0,,0.36,0.0
2018-10-16,41,36.0,,0.36,14.76
2018-10-17,0,36.0,,0.36,0.0
2018-10-18,42,36.0,,0.36,15.12
2018-10-19,0,36.0,,0.36,0.0
2018-10-20,0,36.0,,0.36,0.0
2018-10-21,0,36.0,,0.36,0.0
2018-10-22,0,36.0,,0.36,0.0
2018-10-23,0,36.0,,0.36,0.0
2018-10-24,40,36.0,,0.36,14.399999999999999
2018-10-25,42,36.0,,0.36,15.12
2018-10-26,0,36.0,,0.36,0.0
2018-10-27,0,36.0,,0.36,0.0
2018-10-28,49,36.0,,0.36,17.64
2018-10-29,41,36.0,,0.36,14.76
2018-10-30,0,36.0,,0.36,0.0
2018-10-31,0,36.0,,0.36,0.0
2018-11-01,0,39.0,False,0.39,0.0
2018-11-02,50,39.0,,0.39,19.5
2018-11-03,0,39.0,,0.39,0.0
2018-11-04,0,39.0,,0.39,0.0
2018-11-05,45,39.0,,0.39,17.55
2018-11-06,0,39.0,,0.39,0.0
2018-11-07,0,39.0,,0.39,0.0
2018-11-08,48,39.0,,0.39,18.72
2018-11-09,0,39.0,,0.39,0.0
2018-11-10,0,39.0,,0.39,0.0
2018-11-11,0,39.0,,0.39,0.0
2018-11-12,0,39.0,,0.39,0.0
2018-11-13,0,39.0,,0.39,0.0
2018-11-14,0,39.0,,0.39,0.0
2018-11-15,0,39.0,,0.39,0.0
2018-11-16,0,39.0,,0.39,0.0
2018-11-17,0,39.0,,0.39,0.0
2018-11-18,58,39.0,,0.39,22.62
2018-11-19,0,39.0,,0.39,0.0
2018-11-20,100,39.0,,0.39,39.0
2018-11-21,0,39.0,,0.39,0.0
2018-11-22,0,39.0,,0.39,0.0
2018-11-23,0,39.0,,0.39,0.0
2018-11-24,0,39.0,,0.39,0.0
2018-11-25,0,39.0,,0.39,0.0
2018-11-26,0,39.0,,0.39,0.0
2018-11-27,0,39.0,,0.39,0.0
2018-11-28,48,39.0,,0.39,18.72
2018-11-29,49,39.0,,0.39,19.11
2018-11-30,0,39.0,,0.39,0.0
2018-12-01,0,46.0,False,0.46,0.0
2018-12-02,38,46.0,,0.46,17.48
2018-12-03,0,46.0,,0.46,0.0
2018-12-04,32,46.0,,0.46,14.72
2018-12-05,0,46.0,,0.46,0.0
2018-12-06,33,46.0,,0.46,15.180000000000001
2018-12-07,0,46.0,,0.46,0.0
2018-12-08,0,46.0,,0.46,0.0
2018-12-09,0,46.0,,0.46,0.0
2018-12-10,0,46.0,,0.46,0.0
2018-12-11,100,46.0,,0.46,46.0
2018-12-12,0,46.0,,0.46,0.0
2018-12-13,34,46.0,,0.46,15.64
2018-12-14,0,46.0,,0.46,0.0
2018-12-15,0,46.0,,0.46,0.0
2018-12-16,0,46.0,,0.46,0.0
2018-12-17,31,46.0,,0.46,14.26
2018-12-18,65,46.0,,0.46,29.900000000000002
2018-12-19,69,46.0,,0.46,31.740000000000002
2018-12-20,36,46.0,,0.46,16.560000000000002
2018-12-21,0,46.0,,0.46,0.0
2018-12-22,0,46.0,,0.46,0.0
2018-12-23,0,46.0,,0.46,0.0
2018-12-24,0,46.0,,0.46,0.0
2018-12-25,0,46.0,,0.46,0.0
2018-12-26,0,46.0,,0.46,0.0
2018-12-27,37,46.0,,0.46,17.02
2018-12-28,0,46.0,,0.46,0.0
2018-12-29,0,46.0,,0.46,0.0
2018-12-30,0,46.0,,0.46,0.0
2018-12-31,0,46.0,,0.46,0.0
2019-01-01,0,20.0,False,0.2,0.0
2019-01-02,0,20.0,,0.2,0.0
2019-01-03,0,20.0,,0.2,0.0
2019-01-04,0,20.0,,0.2,0.0
2019-01-05,0,20.0,,0.2,0.0
2019-01-06,0,20.0,,0.2,0.0
2019-01-07,0,20.0,,0.2,0.0
2019-01-08,48,20.0,,0.2,9.600000000000001
2019-01-09,100,20.0,,0.2,20.0
2019-01-10,0,20.0,,0.2,0.0
2019-01-11,0,20.0,,0.2,0.0
2019-01-12,0,20.0,,0.2,0.0
2019-01-13,0,20.0,,0.2,0.0
2019-01-14,0,20.0,,0.2,0.0
2019-01-15,0,20.0,,0.2,0.0
2019-01-16,97,20.0,,0.2,19.400000000000002
2019-01-17,48,20.0,,0.2,9.600000000000001
2019-01-18,0,20.0,,0.2,0.0
2019-01-19,0,20.0,,0.2,0.0
2019-01-20,0,20.0,,0.2,0.0
2019-01-21,0,20.0,,0.2,0.0
2019-01-22,48,20.0,,0.2,9.600000000000001
2019-01-23,96,20.0,,0.2,19.200000000000003
2019-01-24,47,20.0,,0.2,9.4
2019-01-25,0,20.0,,0.2,0.0
2019-01-26,0,20.0,,0.2,0.0
2019-01-27,0,20.0,,0.2,0.0
2019-01-28,0,20.0,,0.2,0.0
2019-01-29,0,20.0,,0.2,0.0
2019-01-30,47,20.0,,0.2,9.4
2019-01-31,0,20.0,,0.2,0.0
2019-02-01,0,34.0,False,0.34,0.0
2019-02-02,0,34.0,,0.34,0.0
2019-02-03,0,34.0,,0.34,0.0
2019-02-04,91,34.0,,0.34,30.94
2019-02-05,47,34.0,,0.34,15.98
2019-02-06,47,34.0,,0.34,15.98
2019-02-07,0,34.0,,0.34,0.0
2019-02-08,0,34.0,,0.34,0.0
2019-02-09,0,34.0,,0.34,0.0
2019-02-10,55,34.0,,0.34,18.700000000000003
2019-02-11,0,34.0,,0.34,0.0
2019-02-12,47,34.0,,0.34,15.98
2019-02-13,0,34.0,,0.34,0.0
2019-02-14,94,34.0,,0.34,31.96
2019-02-15,0,34.0,,0.34,0.0
2019-02-16,57,34.0,,0.34,19.380000000000003
2019-02-17,0,34.0,,0.34,0.0
2019-02-18,100,34.0,,0.34,34.0
2019-02-19,96,34.0,,0.34,32.64
2019-02-20,47,34.0,,0.34,15.98
2019-02-21,0,34.0,,0.34,0.0
2019-02-22,49,34.0,,0.34,16.66
2019-02-23,0,34.0,,0.34,0.0
2019-02-24,0,34.0,,0.34,0.0
2019-02-25,0,34.0,,0.34,0.0
2019-02-26,0,34.0,,0.34,0.0
2019-02-27,46,34.0,,0.34,15.64
2019-02-28,94,34.0,,0.34,31.96
2019-03-01,0,35.0,False,0.35,0.0
2019-03-02,0,35.0,,0.35,0.0
2019-03-03,0,35.0,,0.35,0.0
2019-03-04,0,35.0,,0.35,0.0
2019-03-05,41,35.0,,0.35,14.35
2019-03-06,0,35.0,,0.35,0.0
2019-03-07,41,35.0,,0.35,14.35
2019-03-08,0,35.0,,0.35,0.0
2019-03-09,50,35.0,,0.35,17.5
2019-03-10,100,35.0,,0.35,35.0
2019-03-11,41,35.0,,0.35,14.35
2019-03-12,41,35.0,,0.35,14.35
2019-03-13,0,35.0,,0.35,0.0
2019-03-14,0,35.0,,0.35,0.0
2019-03-15,0,35.0,,0.35,0.0
2019-03-16,0,35.0,,0.35,0.0
2019-03-17,0,35.0,,0.35,0.0
2019-03-18,0,35.0,,0.35,0.0
2019-03-19,41,35.0,,0.35,14.35
2019-03-20,0,35.0,,0.35,0.0
2019-03-21,0,35.0,,0.35,0.0
2019-03-22,43,35.0,,0.35,15.049999999999999
2019-03-23,0,35.0,,0.35,0.0
2019-03-24,0,35.0,,0.35,0.0
2019-03-25,0,35.0,,0.35,0.0
2019-03-26,0,35.0,,0.35,0.0
2019-03-27,43,35.0,,0.35,15.049999999999999
2019-03-28,42,35.0,,0.35,14.7
2019-03-29,0,35.0,,0.35,0.0
2019-03-30,50,35.0,,0.35,17.5
2019-03-31,0,35.0,,0.35,0.0
2019-04-01,33,42.0,False,0.42,13.86
2019-04-02,0,42.0,,0.42,0.0
2019-04-03,33,42.0,,0.42,13.86
2019-04-04,0,42.0,,0.42,0.0
2019-04-05,0,42.0,,0.42,0.0
2019-04-06,41,42.0,,0.42,17.22
2019-04-07,0,42.0,,0.42,0.0
2019-04-08,100,42.0,,0.42,42.0
2019-04-09,67,42.0,,0.42,28.14
2019-04-10,0,42.0,,0.42,0.0
2019-04-11,0,42.0,,0.42,0.0
2019-04-12,0,42.0,,0.42,0.0
2019-04-13,0,42.0,,0.42,0.0
2019-04-14,40,42.0,,0.42,16.8
2019-04-15,0,42.0,,0.42,0.0
2019-04-16,34,42.0,,0.42,14.28
2019-04-17,0,42.0,,0.42,0.0
2019-04-18,35,42.0,,0.42,14.7
2019-04-19,0,42.0,,0.42,0.0
2019-04-20,0,42.0,,0.42,0.0
2019-04-21,44,42.0,,0.42,18.48
2019-04-22,0,42.0,,0.42,0.0
2019-04-23,0,42.0,,0.42,0.0
2019-04-24,0,42.0,,0.42,0.0
2019-04-25,33,42.0,,0.42,13.86
2019-04-26,0,42.0,,0.42,0.0
2019-04-27,0,42.0,,0.42,0.0
2019-04-28,41,42.0,,0.42,17.22
2019-04-29,0,42.0,,0.42,0.0
2019-04-30,32,42.0,,0.42,13.44
2019-05-01,0,36.0,False,0.36,0.0
2019-05-02,0,36.0,,0.36,0.0
2019-05-03,0,36.0,,0.36,0.0
2019-05-04,0,36.0,,0.36,0.0
2019-05-05,0,36.0,,0.36,0.0
2019-05-06,41,36.0,,0.36,14.76
2019-05-07,0,36.0,,0.36,0.0
2019-05-08,41,36.0,,0.36,14.76
2019-05-09,0,36.0,,0.36,0.0
2019-05-10,0,36.0,,0.36,0.0
2019-05-11,0,36.0,,0.36,0.0
2019-05-12,0,36.0,,0.36,0.0
2019-05-13,0,36.0,,0.36,0.0
2019-05-14,0,36.0,,0.36,0.0
2019-05-15,42,36.0,,0.36,15.12
2019-05-16,0,36.0,,0.36,0.0
2019-05-17,0,36.0,,0.36,0.0
2019-05-18,0,36.0,,0.36,0.0
2019-05-19,0,36.0,,0.36,0.0
2019-05-20,0,36.0,,0.36,0.0
2019-05-21,41,36.0,,0.36,14.76
2019-05-22,0,36.0,,0.36,0.0
2019-05-23,43,36.0,,0.36,15.479999999999999
2019-05-24,89,36.0,,0.36,32.04
2019-05-25,0,36.0,,0.36,0.0
2019-05-26,0,36.0,,0.36,0.0
2019-05-27,100,36.0,,0.36,36.0
2019-05-28,0,36.0,,0.36,0.0
2019-05-29,0,36.0,,0.36,0.0
2019-05-30,0,36.0,,0.36,0.0
2019-05-31,43,36.0,,0.36,15.479999999999999
2019-06-01,100,32.0,False,0.32,32.0
2019-06-02,0,32.0,,0.32,0.0
2019-06-03,0,32.0,,0.32,0.0
2019-06-04,0,32.0,,0.32,0.0
2019-06-05,0,32.0,,0.32,0.0
2019-06-06,0,32.0,,0.32,0.0
2019-06-07,85,32.0,,0.32,27.2
2019-06-08,0,32.0,,0.32,0.0
2019-06-09,0,32.0,,0.32,0.0
2019-06-10,0,32.0,,0.32,0.0
2019-06-11,0,32.0,,0.32,0.0
2019-06-12,0,32.0,,0.32,0.0
2019-06-13,0,32.0,,0.32,0.0
2019-06-14,0,32.0,,0.32,0.0
2019-06-15,0,32.0,,0.32,0.0
2019-06-16,99,32.0,,0.32,31.68
2019-06-17,0,32.0,,0.32,0.0
2019-06-18,0,32.0,,0.32,0.0
2019-06-19,0,32.0,,0.32,0.0
2019-06-20,0,32.0,,0.32,0.0
2019-06-21,0,32.0,,0.32,0.0
2019-06-22,0,32.0,,0.32,0.0
2019-06-23,0,32.0,,0.32,0.0
2019-06-24,0,32.0,,0.32,0.0
2019-06-25,0,32.0,,0.32,0.0
2019-06-26,84,32.0,,0.32,26.88
2019-06-27,0,32.0,,0.32,0.0
2019-06-28,0,32.0,,0.32,0.0
2019-06-29,0,32.0,,0.32,0.0
2019-06-30,0,32.0,,0.32,0.0
2019-07-01,0,12.0,False,0.12,0.0
2019-07-02,0,12.0,,0.12,0.0
2019-07-03,0,12.0,,0.12,0.0
2019-07-04,0,12.0,,0.12,0.0
2019-07-05,0,12.0,,0.12,0.0
2019-07-06,0,12.0,,0.12,0.0
2019-07-07,0,12.0,,0.12,0.0
2019-07-08,0,12.0,,0.12,0.0
2019-07-09,0,12.0,,0.12,0.0
2019-07-10,0,12.0,,0.12,0.0
2019-07-11,0,12.0,,0.12,0.0
2019-07-12,0,12.0,,0.12,0.0
2019-07-13,0,12.0,,0.12,0.0
2019-07-14,0,12.0,,0.12,0.0
2019-07-15,0,12.0,,0.12,0.0
2019-07-16,0,12.0,,0.12,0.0
2019-07-17,0,12.0,,0.12,0.0
2019-07-18,0,12.0,,0.12,0.0
2019-07-19,0,12.0,,0.12,0.0
2019-07-20,0,12.0,,0.12,0.0
2019-07-21,0,12.0,,0.12,0.0
2019-07-22,0,12.0,,0.12,0.0
2019-07-23,97,12.0,,0.12,11.639999999999999
2019-07-24,0,12.0,,0.12,0.0
2019-07-25,100,12.0,,0.12,12.0
2019-07-26,0,12.0,,0.12,0.0
2019-07-27,0,12.0,,0.12,0.0
2019-07-28,0,12.0,,0.12,0.0
2019-07-29,0,12.0,,0.12,0.0
2019-07-30,0,12.0,,0.12,0.0
2019-07-31,0,12.0,,0.12,0.0
2019-08-01,0,9.0,False,0.09,0.0
2019-08-02,0,9.0,,0.09,0.0
2019-08-03,0,9.0,,0.09,0.0
2019-08-04,60,9.0,,0.09,5.3999999999999995
2019-08-05,0,9.0,,0.09,0.0
2019-08-06,0,9.0,,0.09,0.0
2019-08-07,0,9.0,,0.09,0.0
2019-08-08,0,9.0,,0.09,0.0
2019-08-09,0,9.0,,0.09,0.0
2019-08-10,0,9.0,,0.09,0.0
2019-08-11,0,9.0,,0.09,0.0
2019-08-12,51,9.0,,0.09,4.59
2019-08-13,0,9.0,,0.09,0.0
2019-08-14,0,9.0,,0.09,0.0
2019-08-15,0,9.0,,0.09,0.0
2019-08-16,0,9.0,,0.09,0.0
2019-08-17,0,9.0,,0.09,0.0
2019-08-18,0,9.0,,0.09,0.0
2019-08-19,0,9.0,,0.09,0.0
2019-08-20,0,9.0,,0.09,0.0
2019-08-21,0,9.0,,0.09,0.0
2019-08-22,0,9.0,,0.09,0.0
2019-08-23,100,9.0,,0.09,9.0
2019-08-24,0,9.0,,0.09,0.0
2019-08-25,0,9.0,,0.09,0.0
2019-08-26,0,9.0,,0.09,0.0
2019-08-27,0,9.0,,0.09,0.0
2019-08-28,0,9.0,,0.09,0.0
2019-08-29,0,9.0,,0.09,0.0
2019-08-30,0,9.0,,0.09,0.0
2019-08-31,0,9.0,,0.09,0.0
2019-09-01,0,51.0,False,0.51,0.0
2019-09-02,0,51.0,,0.51,0.0
2019-09-03,33,51.0,,0.51,16.830000000000002
2019-09-04,0,51.0,,0.51,0.0
2019-09-05,0,51.0,,0.51,0.0
2019-09-06,0,51.0,,0.51,0.0
2019-09-07,0,51.0,,0.51,0.0
2019-09-08,0,51.0,,0.51,0.0
2019-09-09,100,51.0,,0.51,51.0
2019-09-10,33,51.0,,0.51,16.830000000000002
2019-09-11,33,51.0,,0.51,16.830000000000002
2019-09-12,33,51.0,,0.51,16.830000000000002
2019-09-13,34,51.0,,0.51,17.34
2019-09-14,0,51.0,,0.51,0.0
2019-09-15,39,51.0,,0.51,19.89
2019-09-16,0,51.0,,0.51,0.0
2019-09-17,0,51.0,,0.51,0.0
2019-09-18,33,51.0,,0.51,16.830000000000002
2019-09-19,0,51.0,,0.51,0.0
2019-09-20,67,51.0,,0.51,34.17
2019-09-21,0,51.0,,0.51,0.0
2019-09-22,0,51.0,,0.51,0.0
2019-09-23,32,51.0,,0.51,16.32
2019-09-24,33,51.0,,0.51,16.830000000000002
2019-09-25,33,51.0,,0.51,16.830000000000002
2019-09-26,0,51.0,,0.51,0.0
2019-09-27,69,51.0,,0.51,35.19
2019-09-28,0,51.0,,0.51,0.0
2019-09-29,0,51.0,,0.51,0.0
2019-09-30,0,51.0,,0.51,0.0
2019-10-01,20,58.0,False,0.58,11.6
2019-10-02,0,58.0,,0.58,0.0
2019-10-03,0,58.0,,0.58,0.0
2019-10-04,0,58.0,,0.58,0.0
2019-10-05,0,58.0,,0.58,0.0
2019-10-06,24,58.0,,0.58,13.919999999999998
2019-10-07,0,58.0,,0.58,0.0
2019-10-08,0,58.0,,0.58,0.0
2019-10-09,62,58.0,,0.58,35.96
2019-10-10,0,58.0,,0.58,0.0
2019-10-11,20,58.0,,0.58,11.6
2019-10-12,0,58.0,,0.58,0.0
2019-10-13,24,58.0,,0.58,13.919999999999998
2019-10-14,41,58.0,,0.58,23.779999999999998
2019-10-15,20,58.0,,0.58,11.6
2019-10-16,100,58.0,,0.58,57.99999999999999
2019-10-17,0,58.0,,0.58,0.0
2019-10-18,41,58.0,,0.58,23.779999999999998
2019-10-19,0,58.0,,0.58,0.0
2019-10-20,0,58.0,,0.58,0.0
2019-10-21,20,58.0,,0.58,11.6
2019-10-22,0,58.0,,0.58,0.0
2019-10-23,20,58.0,,0.58,11.6
2019-10-24,0,58.0,,0.58,0.0
2019-10-25,21,58.0,,0.58,12.18
2019-10-26,25,58.0,,0.58,14.499999999999998
2019-10-27,24,58.0,,0.58,13.919999999999998
2019-10-28,19,58.0,,0.58,11.02
2019-10-29,0,58.0,,0.58,0.0
2019-10-30,0,58.0,,0.58,0.0
2019-10-31,0,58.0,,0.58,0.0
2019-11-01,0,67.0,False,0.67,0.0
2019-11-02,0,67.0,,0.67,0.0
2019-11-03,0,67.0,,0.67,0.0
2019-11-04,66,67.0,,0.67,44.220000000000006
2019-11-05,0,67.0,,0.67,0.0
2019-11-06,33,67.0,,0.67,22.110000000000003
2019-11-07,100,67.0,,0.67,67.0
2019-11-08,33,67.0,,0.67,22.110000000000003
2019-11-09,0,67.0,,0.67,0.0
2019-11-10,0,67.0,,0.67,0.0
2019-11-11,33,67.0,,0.67,22.110000000000003
2019-11-12,32,67.0,,0.67,21.44
2019-11-13,66,67.0,,0.67,44.220000000000006
2019-11-14,32,67.0,,0.67,21.44
2019-11-15,0,67.0,,0.67,0.0
2019-11-16,38,67.0,,0.67,25.46
2019-11-17,37,67.0,,0.67,24.790000000000003
2019-11-18,0,67.0,,0.67,0.0
2019-11-19,0,67.0,,0.67,0.0
2019-11-20,66,67.0,,0.67,44.220000000000006
2019-11-21,66,67.0,,0.67,44.220000000000006
2019-11-22,0,67.0,,0.67,0.0
2019-11-23,0,67.0,,0.67,0.0
2019-11-24,0,67.0,,0.67,0.0
2019-11-25,0,67.0,,0.67,0.0
2019-11-26,0,67.0,,0.67,0.0
2019-11-27,0,67.0,,0.67,0.0
2019-11-28,0,67.0,,0.67,0.0
2019-11-29,0,67.0,,0.67,0.0
2019-11-30,0,67.0,,0.67,0.0
2019-12-01,0,42.0,False,0.42,0.0
2019-12-02,0,42.0,,0.42,0.0
2019-12-03,0,42.0,,0.42,0.0
2019-12-04,0,42.0,,0.42,0.0
2019-12-05,32,42.0,,0.42,13.44
2019-12-06,33,42.0,,0.42,13.86
2019-12-07,0,42.0,,0.42,0.0
2019-12-08,0,42.0,,0.42,0.0
2019-12-09,66,42.0,,0.42,27.72
2019-12-10,100,42.0,,0.42,42.0
2019-12-11,32,42.0,,0.42,13.44
2019-12-12,0,42.0,,0.42,0.0
2019-12-13,33,42.0,,0.42,13.86
2019-12-14,39,42.0,,0.42,16.38
2019-12-15,0,42.0,,0.42,0.0
2019-12-16,32,42.0,,0.42,13.44
2019-12-17,0,42.0,,0.42,0.0
2019-12-18,0,42.0,,0.42,0.0
2019-12-19,0,42.0,,0.42,0.0
2019-12-20,0,42.0,,0.42,0.0
2019-12-21,0,42.0,,0.42,0.0
2019-12-22,0,42.0,,0.42,0.0
2019-12-23,0,42.0,,0.42,0.0
2019-12-24,0,42.0,,0.42,0.0
2019-12-25,0,42.0,,0.42,0.0
2019-12-26,0,42.0,,0.42,0.0
2019-12-27,0,42.0,,0.42,0.0
2019-12-28,0,42.0,,0.42,0.0
2019-12-29,0,42.0,,0.42,0.0
2019-12-30,35,42.0,,0.42,14.7
2019-12-31,0,42.0,,0.42,0.0
2020-01-01,0,29.0,False,0.29,0.0
2020-01-02,95,29.0,,0.29,27.549999999999997
2020-01-03,92,29.0,,0.29,26.68
2020-01-04,0,29.0,,0.29,0.0
2020-01-05,100,29.0,,0.29,28.999999999999996
2020-01-06,91,29.0,,0.29,26.389999999999997
2020-01-07,91,29.0,,0.29,26.389999999999997
2020-01-08,0,29.0,,0.29,0.0
2020-01-09,90,29.0,,0.29,26.099999999999998
2020-01-10,0,29.0,,0.29,0.0
2020-01-11,0,29.0,,0.29,0.0
2020-01-12,0,29.0,,0.29,0.0
2020-01-13,0,29.0,,0.29,0.0
2020-01-14,0,29.0,,0.29,0.0
2020-01-15,0,29.0,,0.29,0.0
2020-01-16,0,29.0,,0.29,0.0
2020-01-17,0,29.0,,0.29,0.0
2020-01-18,0,29.0,,0.29,0.0
2020-01-19,100,29.0,,0.29,28.999999999999996
2020-01-20,93,29.0,,0.29,26.97
2020-01-21,89,29.0,,0.29,25.81
2020-01-22,0,29.0,,0.29,0.0
2020-01-23,0,29.0,,0.29,0.0
2020-01-24,0,29.0,,0.29,0.0
2020-01-25,0,29.0,,0.29,0.0
2020-01-26,0,29.0,,0.29,0.0
2020-01-27,0,29.0,,0.29,0.0
2020-01-28,0,29.0,,0.29,0.0
2020-01-29,0,29.0,,0.29,0.0
2020-01-30,0,29.0,,0.29,0.0
2020-01-31,90,29.0,,0.29,26.099999999999998
